name,red,green,blue,alpha,id
Unknown,0,0,0,0,0
conference_table,128,64,128,255,589590
lubricant,244,35,232,255,1673041
jimmies_jar,70,70,70,255,1841319
cooked__diced__broccolini,102,102,156,255,3432230
cooked__blueberry,190,153,153,255,5619478
diced__cauliflower,153,153,153,255,5642558
detergent,250,170,30,255,6134247
fur_coat,220,220,0,255,7759024
bag_of_flour,107,142,35,255,8331767
clothes_dryer,152,251,152,255,8573158
wine_sauce,70,130,180,255,10217866
oyster,220,20,60,255,12580721
butter_package,255,0,0,255,12627689
desk_leg,0,0,142,255,14652129
gravel,0,0,70,255,16444179
straight_chair,0,60,100,255,16716016
arepa,0,80,100,255,16813423
half_chorizo,0,0,230,255,17048889
jigger,119,11,32,255,17251507
bookcase_baseboard,255,204,54,255,18479467
half_gourd,80,50,50,255,19297686
cooked__diced__auricularia,4,250,7,255,19559214
pedestal_table,224,5,255,255,20002066
keyboard,235,255,7,255,20210247
cooked__diced__bell_pepper,150,5,61,255,20606631
pants,120,120,70,255,20634257
cooked__diced__sirloin,8,255,51,255,20995384
diced__nectarine,255,6,82,255,21087607
orange,143,255,140,255,21163213
cleaver,204,255,4,255,21441820
bunch_of_bananas,255,51,7,255,22071967
bottle_of_powder,204,70,3,255,22654759
diced__tiramisu,0,102,200,255,23725161
bottle_of_almond_oil,61,230,250,255,24802304
diced__feta,255,6,51,255,27710718
wheat,11,102,255,255,28470705
cream_cheese_box,255,7,71,255,29044217
pancake_batter,255,9,224,255,29671123
salt_shaker,9,7,230,255,31105241
cooked__yogurt,220,220,220,255,31723162
diced__green_bean,255,9,92,255,31792459
cooked__margarine,112,9,255,255,32017976
diced__trunk,8,255,214,255,32878518
box_of_sake,7,255,224,255,33530669
half_cheesecake,255,184,6,255,34509896
jar_of_curry_powder,10,255,71,255,34685255
room_ventilator,255,41,10,255,35946317
scoop,7,255,255,255,36171793
box_of_apple_juice,224,255,8,255,37013295
cooked__diced__brownie,102,8,255,255,37768497
bouquet,177,118,143,255,38861157
jimmies,112,178,191,255,38945227
fire_extinguisher,118,63,235,255,39297679
diced__pumpkin,207,105,166,255,39510577
clothesline_pole,85,162,192,255,40171972
jelly_bean_jar,73,100,88,255,41347371
jar_of_kidney_beans,193,52,171,255,42869060
peanut_butter_jar,60,144,200,255,42891612
half_virginia_ham,198,100,102,255,44545320
diced__pie_crust,107,71,216,255,44586455
cooked__diced__ginger,128,122,197,255,45069489
mayonnaise,176,96,192,255,45798830
eyeglasses,197,94,66,255,46230576
carton_of_eggs,163,163,125,255,47101771
solvent_bottle,171,81,211,255,47743523
magazine,156,123,123,255,48805308
bicycle,68,129,161,255,48886525
lemon_peel,69,79,246,255,49359590
pill_bottle,239,169,226,255,49618546
iron,225,59,74,255,50344721
scanner,80,125,229,255,51502343
marinara,132,180,208,255,52750275
mixing_bowl,68,250,202,255,55691069
tent,121,81,178,255,56535352
cooked__diced__cookie_dough,206,181,79,255,56650313
pecan,165,199,161,255,58982217
jar_of_tumeric,144,168,149,255,59026018
coffee_bean,254,114,133,255,60828515
muffin_batter,98,74,126,255,61355896
cooked__diced__pear,87,162,139,255,62247035
barbecue_sauce_bottle,119,150,188,255,62697851
half_macaroon,179,166,136,255,63018070
perspiration,87,246,175,255,63177681
poultry_seasoning,177,167,72,255,63736968
diced__butternut_squash,237,122,248,255,63907839
cooked__diced__carrot,101,229,207,255,64526727
bottle_of_mayonnaise,252,249,57,255,65063856
bottle_of_supplements,87,238,98,255,66928982
half_papaya,151,98,135,255,67441402
half_apricot,70,246,205,255,68730124
checkout_counter,102,232,73,255,69710842
wire_cutter,71,201,94,255,70061482
tonic,157,182,194,255,71206502
half_cheddar,176,194,235,255,73353222
half_artichoke,189,96,81,255,73851046
utility_knife,244,186,181,255,74277604
hanger,144,130,222,255,74870125
electric_hand_mixer,99,159,145,255,78237144
bagel_dough,141,197,61,255,78696197
half_cheese_tart,153,147,101,255,78962985
hand_towel,87,167,166,255,80801013
shopping_cart,198,99,188,255,83725098
folderal,87,223,207,255,85373837
butternut_squash,232,166,234,255,86067187
ceiling_fan,55,100,237,255,86655596
cooked__cranberry,201,139,198,255,89107237
plum,231,172,54,255,89567412
clove_jar,113,208,198,255,90229932
peach,83,233,71,255,90683674
pack_of_kielbasa,121,108,167,255,90896636
cooked__cocoa,149,253,203,255,91969564
cooked__iced_chocolate,104,130,176,255,93205125
yogurt,173,220,198,255,93232585
pommel_horse,57,217,234,255,94260779
microwave,111,194,75,255,94352014
cooked__orzo,122,100,249,255,94399364
infant_car_seat,240,203,189,255,95589933
can_of_soda,111,96,92,255,96703038
toy_box,232,211,96,255,97214814
commercial_kitchen_shelf,123,96,239,255,100766850
mustard,181,113,98,255,102295051
cooked__diced__pineapple,72,105,199,255,103048777
diced__cupcake,180,104,202,255,103734538
pickle,63,118,72,255,103918746
gas_fireplace,121,190,51,255,104005067
cooked__diced__cherry_tomato,112,106,203,255,104072215
cleansing_bottle,196,65,197,255,104262053
pool_ball,61,209,198,255,105690400
bottle_of_sour_cream,110,153,180,255,106113248
half_cucumber,200,250,183,255,106400676
diced__frank,183,158,119,255,106566601
paperback_book,130,145,247,255,107026327
diced__duck,155,89,154,255,107680443
jar_of_peppercorns,176,140,173,255,107839865
cardamom,173,183,100,255,108737975
cooked__mace,221,145,210,255,111097222
flour,197,159,185,255,112365142
lock,68,96,154,255,113513096
pillowcase,99,147,165,255,114114334
baby_shoe,50,227,207,255,114401552
bottle_of_sake,247,74,57,255,114955113
mannequin,182,249,57,255,116236156
vinegar_atomizer,199,227,224,255,116524099
hanging_plant,97,61,54,255,117903990
hotdog_frank,164,59,166,255,118114852
flower,243,158,183,255,118352236
hoodie,84,85,209,255,118496296
ammonia_water,204,214,88,255,119496021
beet,153,229,212,255,121499397
tuna,68,75,114,255,122800850
jar_of_spaghetti_sauce,133,152,98,255,122993657
mop_bucket,230,154,232,255,125516423
lipstick,243,150,210,255,126499407
cooked__diced__onion,175,69,59,255,127567403
heatgun,102,252,146,255,128156882
spice_cookie,198,178,188,255,128663285
diced__spinach,174,156,239,255,128799734
oden_cooker,206,175,107,255,129101760
pasta_box,225,106,76,255,129971615
cornmeal,150,93,222,255,131169781
bush,81,179,137,255,131448938
cooked__chia_seed,182,102,190,255,133215234
half_chanterelle,63,226,210,255,133976136
granulated_sugar,188,209,167,255,134216715
half_lime,74,239,127,255,134659883
diced__halibut,54,65,233,255,135047289
whipped_cream,95,211,204,255,135150845
acetone_atomizer,108,72,134,255,137828917
display_fridge,240,79,182,255,138033545
jar_of_honey,115,183,209,255,138252309
glitter,251,138,200,255,138486668
analgesic,250,255,193,255,139057361
cinnamon_stick,140,99,104,255,139410060
conditioner_atomizer,132,174,221,255,139624002
bag_of_cream_cheese,255,51,163,255,140053940
half_green_onion,163,110,63,255,140462247
cooked__diced__peppermint,57,64,246,255,141139517
smoothie,105,177,157,255,142013472
broken_light_bulb,78,192,169,255,142319172
diced__broccoli_rabe,100,81,66,255,142324785
clove,86,70,222,255,142598242
iced_chocolate,198,228,76,255,143948871
cooked__flour,165,140,109,255,144279605
half_pretzel,77,73,241,255,145608335
cooked__cream_cheese,120,51,111,255,145630731
cooked__diced__brussels_sprouts,78,88,89,255,145845661
cooked__diced__crescent_roll,137,219,156,255,147792848
diced__club_sandwich,139,171,255,255,148990659
lace,252,230,106,255,151585586
honey,173,240,120,255,153463169
fillet,69,93,242,255,154916980
cooked__diced__chicken_breast,244,185,251,255,155124332
half_mango,145,126,72,255,156209293
cooked__corn_syrup,193,168,245,255,156624268
paper_towel_holder,204,67,198,255,157099802
swimming_pool,202,151,60,255,157163323
cheese_danish,216,179,232,255,157218647
windshield,188,53,83,255,157665701
cauldron,63,196,232,255,157851922
jar_of_jam,138,240,150,255,160202454
beef_broth_carton,61,102,238,255,160456912
cooked__diced__porkchop,67,232,133,255,160761678
half_turkey_leg,245,148,215,255,161579841
smoker,73,60,175,255,162247664
soda_water,151,71,199,255,167429960
diced__veal,161,173,235,255,167690232
diced__lobster,52,70,128,255,169644106
bottle_of_bug_repellent,179,218,221,255,169754789
bag_of_shiitake,121,184,249,255,170933899
swing,192,218,55,255,171705736
cooked__diced__peach,148,51,224,255,171721391
salsa,194,141,239,255,172235860
wood_chip,151,205,60,255,173021219
cooked__catsup,88,154,106,255,173344612
cooked__diced__chorizo,182,236,140,255,173595057
place_mat,61,211,134,255,173747198
apple_pie,103,214,97,255,173878879
cooked__diced__halibut,123,110,97,255,174495602
bottle_of_pesticide,126,97,77,255,174854104
shampoo,228,213,137,255,175117185
urinal,241,245,109,255,175612017
cooked__quinoa,112,158,73,255,177640077
pastry_cutter,249,77,110,255,178030020
chia_seed_bag,135,141,162,255,178440307
diced__eggplant,66,98,168,255,178556635
isopropanol,229,111,95,255,179843139
cooked__diced__toast,173,58,214,255,180064870
acorn,152,225,144,255,180267096
bait,243,228,218,255,180865293
free_weight_rack,185,85,107,255,180919430
wall_socket,230,91,127,255,181554377
dress_shirt,55,82,147,255,183415320
eggplant,121,81,109,255,184795694
cooked__pesto,224,255,210,255,185450908
cooked__chicken_curry,137,117,64,255,186568295
diced__lettuce,138,235,181,255,186931524
tenderloin,222,144,176,255,187648450
diced__melon,209,176,93,255,188123054
projector,253,145,73,255,189798246
chopped_lettuce,80,99,231,255,190114685
jar_of_sesame_seed,207,65,59,255,190712476
white_sauce_bottle,226,186,242,255,192261474
half_buttermilk_pancake,135,57,177,255,192636330
cooked__fritter_batter,184,130,158,255,195134506
carton_of_milk,242,251,251,255,195774367
penny,82,123,170,255,196323095
desk_organizer,65,182,149,255,196411816
poinsettia,167,136,55,255,196491973
vaseline,156,235,254,255,196830372
bottle_of_black_pepper,119,199,204,255,197641082
ice_cube,149,152,90,255,200163060
olive,163,218,147,255,201013807
cherry_tomato,248,209,54,255,201076127
fruitcake,187,186,147,255,201413810
cooked__diced__potato,145,178,114,255,203230324
pet_bed,64,133,213,255,204536335
mortar,175,129,160,255,204725939
diced__bamboo,131,155,75,255,207502929
jelly_bean,217,68,89,255,207975316
toasting_fork,60,255,190,255,208495046
tobacco_pipe,103,68,154,255,209677201
half_pear,160,57,94,255,209794516
ginger,130,243,186,255,210229154
diced__tomato,239,243,245,255,211148799
beefsteak_tomato,209,248,222,255,211238170
space_heater,150,172,130,255,211654331
diced__taco,67,188,224,255,211696819
cooked__diced__pomelo,100,55,163,255,211866770
key,243,186,193,255,211899165
footstool,60,56,66,255,212311542
diced__fruitcake,95,141,70,255,213437486
margarita,173,217,141,255,213778484
mousetrap,172,141,66,255,213815627
sliced_melon,99,220,212,255,215574354
fish_stew,86,167,144,255,216703001
half_vanilla_flower,244,81,196,255,218787859
cooked__diced__bagel_dough,145,67,100,255,220220845
tennis_ball,72,97,105,255,220668388
head_cabbage,125,177,121,255,220821907
conditioner_dispenser,155,140,251,255,221567194
omelet,129,164,217,255,222344790
cooked__diced__chocolate_biscuit,55,128,114,255,223785426
half_brisket,221,60,220,255,224455222
tile,235,55,84,255,226130419
half_pomegranate,58,121,144,255,227922559
chicken_soup_carton,198,122,149,255,228285628
beer_bottle,175,68,131,255,229387440
soft_roll,192,56,130,255,229923326
box_of_barley,122,176,253,255,229976946
diced__toast,242,119,225,255,230723180
ruler,188,136,175,255,231359081
staple,218,171,237,255,232276532
vest,246,87,245,255,238476475
salt,172,170,79,255,238529518
diced__durian,95,58,173,255,239007708
diced__hamburger,122,231,170,255,239198918
diced__oxtail,68,114,145,255,239582269
dahlia_flower,184,144,241,255,239978006
salsa_bottle,102,191,215,255,240771660
chanterelle,143,201,234,255,240787717
tortilla_chips,203,141,138,255,240908792
cooked__diced__pastry,152,210,254,255,241585331
cooked__diced__prawn,192,187,191,255,241641887
chicken_broth_carton,58,111,239,255,242102160
cooked__green_tea_latte,84,103,159,255,242153956
strawberry,96,197,195,255,242653321
bottle_of_disinfectant,160,184,251,255,243144071
air_conditioner,213,180,126,255,243691583
brownie,97,87,152,255,243696965
bottle_of_fruit_punch,66,126,50,255,244792415
rib,191,67,98,255,245304691
dart,117,115,235,255,245498198
projection_screen,216,87,218,255,246492683
spray_can,194,91,220,255,247388807
cooked__diced__arepa,100,166,78,255,248338554
ruby,154,227,155,255,249146079
bottle_of_deicer,56,53,131,255,250295609
duck,168,55,230,255,250709512
bust,228,217,62,255,251202807
lemon_juice_bottle,95,60,251,255,252112832
radish,164,180,211,255,252207030
diced__quiche,120,150,82,255,252422035
flat_top_grill,231,248,157,255,253447603
quail_breast_raw,237,235,78,255,255021560
honing_steel,201,93,233,255,255582629
diced__ham_hock,190,82,194,255,256293845
pop,76,171,129,255,256518728
diced__peppermint,65,182,163,255,256536603
sage,214,178,242,255,257148941
diced__apricot,171,129,180,255,259777967
waffle,208,68,62,255,260366265
mace,237,132,93,255,260433373
half_french_fries,113,183,185,255,260544025
pop_case,192,139,140,255,261495157
bulldog_clip,113,192,253,255,262238226
lentil,87,50,247,255,262966747
diced__whole_garlic,51,248,241,255,262989821
life_jacket,101,177,183,255,263238607
power_washer,78,155,121,255,263556765
satchel,86,213,82,255,264419219
raspberry,152,197,74,255,264475818
beach_toy,199,126,195,255,265798342
stake,80,103,199,255,267961521
ceilings,98,177,244,255,267982429
diced__kielbasa,146,148,76,255,269639919
diced__tortilla_chip,247,122,51,255,269745151
jar_of_mayonnaise,193,99,205,255,269872096
diced__carrot,139,203,170,255,272003498
cilantro,131,246,96,255,272033253
sugar_cookie,154,178,159,255,272390446
basil,142,255,96,255,274053864
greenery,206,197,138,255,276527927
pea,122,86,239,255,276566714
pitcher,74,72,146,255,276599928
whiskey_stone,104,100,72,255,278102408
umbrella_rack,90,78,207,255,280680130
beer_glass,216,60,170,255,282224780
hitch,97,145,229,255,282234674
half_butter_cookie,245,111,103,255,282370553
tomato_sauce_jar,73,179,153,255,283484876
diced__baguet,109,128,112,255,284743343
sliced_papaya,207,83,241,255,286706573
cooked__soy_sauce,246,184,183,255,290429809
christmas_stocking,249,93,59,255,290913451
razor,250,50,73,255,291513667
flagpole,223,122,231,255,291915399
diced__tuna,67,174,235,255,292151728
stairs,58,185,227,255,294689274
goblet,172,198,63,255,296010335
rose,247,143,248,255,296584558
cooked__tomato_sauce,81,210,247,255,297356318
diaper,129,203,156,255,297404466
object,80,231,240,255,298104422
rubber_eraser,58,79,219,255,298444960
half_broccoli,134,89,233,255,299337148
chess_set,109,143,113,255,299526022
diced__blackberry,222,237,234,255,300157211
cooked__tomato_rice,111,178,74,255,302035162
half_sugar_cookie,55,124,231,255,302184152
cooked__diced__crayfish,57,100,187,255,302211807
cashew,83,134,250,255,302356956
motorcycle,172,170,197,255,302431108
nickel,64,117,85,255,303175397
cooked__diced__lamb,182,185,153,255,303218399
cooked__diced__zucchini,214,148,62,255,303343250
toast,66,177,151,255,303625375
diced__snapper,209,126,226,255,305719176
disinfectant,162,102,60,255,305802670
french_fries,255,144,138,255,306735415
mulch,221,213,140,255,307580383
cooked__diced__pie_crust,195,199,72,255,308781549
tassel,176,93,232,255,310005759
rice_cooker,207,166,167,255,310268359
jam,145,130,93,255,310746918
box_of_cream,111,113,139,255,311336870
cooked__white_wine,144,136,55,255,311361317
lollipop,62,121,217,255,313203911
curry_powder_shaker,80,73,151,255,313296217
ammonia_water_atomizer,153,159,110,255,313805811
cooked__cornbread_batter,59,90,232,255,314430114
bench_press_machine,128,193,114,255,314639960
seal,177,75,159,255,315319103
pillow,175,74,227,255,317995613
cigar,113,209,137,255,318024795
cooked__diced__coconut,72,153,50,255,318758927
oatmeal,61,97,232,255,319353974
spackle,157,156,250,255,320093968
boxed_router,218,76,123,255,320288091
graduated_cylinder,254,232,162,255,321147492
cooked__beef_broth,182,190,172,255,321692464
cooked__peanut_butter,87,225,129,255,322365616
white_chocolate,105,56,133,255,322683439
sunflower,123,231,251,255,323073331
corn_flake,242,213,169,255,323874332
hot_toddy,158,139,205,255,324712546
half_quiche,248,136,113,255,325063070
turnstile,114,51,178,255,325314247
wrapping_paper,202,255,235,255,325589424
bunchgrass,132,140,78,255,326287095
cooked__black_bean,209,224,234,255,326385516
cooked__diced__whole_garlic,56,222,250,255,327874835
diced__gooseberry,217,207,206,255,327909716
seashell,148,124,51,255,328291686
onion_powder_shaker,132,91,188,255,328554708
half_gooseberry,193,168,255,255,329110642
wooden_spoon,157,72,93,255,329383581
suitcase,91,135,237,255,329916134
diced__clove,91,207,174,255,331307617
granulated_sugar_sack,115,63,185,255,331651764
cooked__salt,202,81,55,255,331891302
lawn_mower,119,219,85,255,331975763
square_light,124,248,56,255,332040855
necktie,199,215,220,255,333789711
bottle_of_tomato_juice,100,223,177,255,333793765
cooked__diced__doughnut,142,67,183,255,334177452
debris,99,182,174,255,334794489
diced__apple,147,173,249,255,335706086
sesame_oil_bottle,185,122,75,255,335961367
pewter_teapot,103,192,197,255,336272780
menu,153,134,129,255,337079999
noodle,81,242,71,255,338537945
lampshade,95,255,152,255,338743191
feta_box,143,247,163,255,339868306
tomato_paste_can,243,82,55,255,340740199
pellet_food,129,123,53,255,341821417
half_pastry,191,158,113,255,343229559
glaze_bottle,251,172,245,255,344184056
half_mushroom,155,224,184,255,346473056
garage_door,121,113,80,255,346819316
sage_shaker,98,103,98,255,347227277
bottle_of_skin_cream,74,176,212,255,347889293
sunflower_seed,60,201,82,255,348136481
potato_masher,137,145,218,255,349567134
diced__pork,110,152,186,255,349925504
bottle_of_sage,127,200,241,255,350266429
diced__dried_apricot,235,56,147,255,350454688
donut,241,165,169,255,352261000
diced__frankfurter_bun,242,96,137,255,352767723
garden_umbrella,68,205,185,255,353969512
arborio_rice,216,246,255,255,354165479
diced__hazelnut,126,235,243,255,356431971
half_shiitake,234,130,244,255,356682446
cocoa,201,221,69,255,357325890
peppermint,102,250,170,255,358803502
cooked__diced__beet,119,92,190,255,359242497
half_hotdog_frank,99,106,65,255,359404865
cooked__diced__broccoli,63,81,124,255,359496728
diced__meat_loaf,114,172,153,255,359803900
refried_beans_can,102,147,64,255,360233927
hinged_jar,117,253,126,255,360597689
drying_rack,60,235,138,255,360679856
cooked__diced__leek,223,67,217,255,362553546
calculator,89,100,212,255,363402184
cooked__diced__bean_curd,136,137,63,255,363591144
shortening_carton,67,62,154,255,364200444
locker,66,50,255,255,364716429
half_cookie_dough,177,225,201,255,365604006
skateboard_deck,207,156,63,255,366394989
wreath,133,88,79,255,367289312
grease,252,156,189,255,368615843
half_steak,150,195,225,255,368910738
open_end_wrench,223,226,171,255,369180906
calendar,183,202,126,255,369189139
sparkler,185,223,197,255,369325990
cooked__diced__bratwurst,196,90,163,255,370497992
half_tortilla,85,87,244,255,372067453
hot_sauce,94,94,175,255,372585556
diced__bok_choy,204,145,130,255,372666795
booth,78,180,235,255,375190315
bagel,95,207,160,255,375303828
birdcage,238,171,189,255,375561307
cooked__diced__pizza,176,255,151,255,375857461
frying_pan,207,251,76,255,376219263
bookcase_top,114,224,127,255,376703403
cooked__diced__buttermilk_pancake,210,202,226,255,377520379
cooked__marinara,225,91,98,255,378625673
salt_bottle,236,165,146,255,379778325
diced__sweet_corn,117,203,236,255,379832040
half_enchilada,173,156,206,255,379933005
bottle_of_water,79,95,242,255,381004193
cooked__diced__chocolate_chip_cookie,254,168,184,255,382702634
cooked__clove,213,122,210,255,382939027
magazine_stand,179,143,93,255,384023420
cooked__diced__tenderloin,93,88,140,255,385985029
belt,168,196,143,255,386251507
half_banana_bread,88,115,126,255,386835018
floor_lamp,243,250,175,255,387264550
cooked__cake_mix,173,208,197,255,388092327
buret,188,251,219,255,392762427
table_knife,230,245,157,255,393431534
bookend,225,191,123,255,393776819
toilet_soap_bottle,77,166,81,255,394573984
canteen,54,162,86,255,394693194
cooked__diced__arugula,54,102,83,255,394813776
spinach,141,78,211,255,395270306
teapot,92,120,122,255,395416153
sauna_bench,237,110,188,255,395767492
cooked__diced__pomegranate,160,234,220,255,395990696
catsup,145,183,140,255,396322823
bottle_of_catsup,204,163,57,255,396445037
bottle_of_paint_remover,53,65,151,255,396988880
cooked__soya_milk,75,50,129,255,397085620
cooked__kidney_bean,69,109,148,255,398852541
cooked__lentil,225,224,123,255,400551610
diced__chocolate_biscuit,107,52,197,255,401089819
heap_of_gravel,189,79,171,255,401924162
pay_phone,89,104,97,255,402328608
snow_globe,161,251,136,255,402485050
pine_nut,250,64,195,255,403558021
blender,216,88,240,255,403628664
pillar,134,77,241,255,403699049
egg_white,236,224,82,255,404234414
leek,103,217,208,255,404324364
kettle,146,93,226,255,404609167
cooked__coffee_bean,158,191,100,255,404915295
can_of_coffee,86,157,150,255,406095091
cooked__diced__baguet,240,98,211,255,407447881
coffee_grinder,236,163,113,255,408897978
isopropanol_dispenser,119,125,62,255,410457041
bottle_of_vodka,125,99,242,255,410587086
cooked__diced__garlic_bread,206,209,221,255,410634819
cream_cheese,141,51,169,255,411042134
diced__omelet,173,78,91,255,413299348
bottle_of_lemon_sauce,214,82,73,255,413314536
baking_sheet,220,242,121,255,413568695
printer,105,210,234,255,414361306
mug,53,120,151,255,414861263
rectangular_light,61,69,230,255,415561691
test_tube_holder,58,254,58,255,416483092
cooked__diced__kiwi,215,101,170,255,417450299
pergola,170,170,102,255,418000597
jar_of_bath_salt,181,217,221,255,418666263
petite_marmite,55,240,69,255,418796652
elevator_door,170,56,166,255,418849915
paper_cup,181,137,94,255,419364421
multi_station_tabletop_sink,99,120,91,255,419727009
bottle_of_mustard,226,171,98,255,420521977
wall_clock,56,179,76,255,420859745
pack_of_pasta,148,117,189,255,421523772
boxed_cpu_board,53,204,161,255,421646037
stapler,244,213,61,255,423860505
french_press,201,185,100,255,424220009
cooked__diced__cauliflower,238,144,230,255,424578745
jukebox,183,238,127,255,424618416
pizza,124,100,229,255,426405728
half_pomelo,212,255,248,255,426788737
raincoat,253,174,192,255,428012083
cooked__diced__pizza_dough,86,131,171,255,429249373
hockey_stick,76,58,187,255,430440416
pistachio,208,187,65,255,431002219
cooked__diced__scone,69,101,53,255,431018245
cooked__diced__celery,89,116,79,255,431034407
tea_bag,104,151,115,255,432402570
diced__quail,228,236,216,255,432585583
bottle_of_cocoa,129,196,190,255,433360809
lorry,128,241,221,255,433402896
ashtray,245,225,200,255,436438227
soap_bottle,150,139,229,255,436612579
cooked__cottage_cheese,245,124,91,255,436917339
jug_of_milk,130,152,174,255,437146785
fennel,184,182,125,255,437250239
quartz,232,51,96,255,437403694
coatrack,102,233,79,255,437532773
bottle_of_garlic_sauce,187,79,123,255,438366494
game_console,202,230,114,255,439603579
sugar_syrup_bottle,65,72,234,255,440467464
cake_mix,238,120,80,255,440693308
bag_of_popcorn,231,252,248,255,441110840
diced__steak,235,152,125,255,442787364
cooked__allspice,80,136,214,255,443207146
veal,56,62,187,255,443601333
espresso,190,146,179,255,446523231
pottable_marigold,68,169,180,255,447419852
bottle_of_whiskey,130,143,138,255,447709318
wading_pool,82,170,224,255,448007586
bottle_of_cooking_oil,141,138,214,255,449189719
cooked__diced__hamburger_bun,153,88,94,255,449569352
address,75,89,115,255,449991530
ricotta,75,220,237,255,450653588
can_of_dog_food,231,58,137,255,450894029
magazine_rack,117,138,211,255,451323508
half_pork_rib,99,225,195,255,451575620
shrimp,152,97,135,255,453471548
sealant_atomizer,92,191,195,255,454187249
cooked__diced__venison,66,101,148,255,454193922
chaff,94,197,161,255,455612645
power_strip,238,64,142,255,456127721
tank,228,70,243,255,456307011
dessert_stand,83,220,102,255,456938290
diced__hip,211,194,129,255,457648331
bottle_of_lemon_juice,163,154,128,255,458159630
railing,189,139,211,255,458582354
vinegar,107,104,248,255,458805708
wineglass,120,82,251,255,459217777
parer,114,109,204,255,460241233
cooked__paprika,109,146,69,255,460836068
half_fried_chicken,56,226,164,255,463890685
diced__brussels_sprouts,227,171,166,255,465486874
risotto,167,221,96,255,467860695
cooked__egg_white,180,51,239,255,468004339
hook_rack,107,161,179,255,468229978
paper_towel,130,207,209,255,468506626
cooked__diced__gooseberry,125,65,246,255,468995795
cooked__diced__fennel,61,146,93,255,470000026
cooked__diced__macaroon,98,58,112,255,470072096
pressure_cooker,154,115,203,255,470819204
cooked__diced__french_fries,143,248,81,255,471226757
marjoram_shaker,114,237,200,255,471954642
hummus,151,73,190,255,472368490
squeeze_bottle,63,130,175,255,472520918
shovel,166,89,179,255,473372334
half_garlic_clove,252,122,136,255,474035040
brown_rice,143,109,186,255,474960689
diced__squid,61,144,63,255,475148552
asphalt,82,106,216,255,475364847
diced__hemp,138,138,249,255,476269833
sodium_carbonate,101,51,94,255,476851802
cooked__lamb_stew,175,100,118,255,477534889
cooked__shortening,211,109,171,255,478714139
box_of_granola_bars,231,254,207,255,478893006
backpack,54,220,166,255,478976270
box_of_candy,147,53,199,255,481786747
cooking_oil_bottle,219,114,157,255,482306657
cooked__oat,190,149,245,255,482712405
half_walnut,174,131,160,255,482952691
salmon,100,209,89,255,483145412
bottle_of_dish_soap,196,200,251,255,484154586
national_flag,218,188,138,255,484318876
soda_water_bottle,214,95,196,255,484697452
kabob,141,107,141,255,487061838
diced__tulip,130,220,225,255,487360535
skeletal_frame,61,194,83,255,487454957
fruit_punch,86,184,198,255,488748445
bottle_of_tonic,239,176,198,255,488838714
diced__sugar_cookie_dough,218,194,148,255,488929753
bottle_of_aspirin,59,98,123,255,491113663
vinegar_bottle,220,231,225,255,492611853
bandage,202,130,251,255,493145216
garden_statue,89,122,66,255,494555939
roof,235,124,246,255,494692616
diced__burrito,54,222,214,255,494741465
cooked__lima_bean,94,156,129,255,495541732
fairy_light,212,79,56,255,496417155
jerk_seasoning,226,207,81,255,496436167
cooked__brownie_batter,251,232,181,255,496611787
copper_pot,183,208,108,255,498306126
tablefork,166,146,161,255,498332655
holly_decoration,76,193,161,255,499853799
handle,168,80,54,255,501538701
bottle_of_wine,127,203,183,255,502698290
table_lamp,194,140,238,255,502714959
ice_bucket,255,200,84,255,503161120
cell_phone,54,77,104,255,504086693
soap_dish,185,141,164,255,504115310
putty_knife,153,71,70,255,505053182
sliced_watermelon,102,138,153,255,507414456
cooked__diced__steak,57,220,209,255,507613810
scum,211,67,214,255,508442011
patina,78,131,50,255,508703715
exercise_bike,217,205,186,255,509334979
ceramic_tile,206,175,200,255,509383377
beef_stew,155,229,130,255,509848383
bird_feed_bag,185,109,101,255,510272719
octopus,151,242,58,255,511578670
paper_liners,149,218,204,255,511722245
diced__plum,126,71,112,255,512205960
sawdust,184,187,125,255,512446511
pasta_server,153,85,206,255,513177064
bag_of_snacks,238,118,132,255,513518767
lab_exhaust_hood,205,90,135,255,513673872
cooked__sugar_syrup,133,234,168,255,515599954
melted__butter,226,88,83,255,516096962
half_prosciutto,56,215,83,255,517504559
house_paint,173,111,198,255,519249821
cooked__diced__snapper,229,170,121,255,519665650
measuring_cup,134,236,112,255,519917735
biscuit,92,110,253,255,520512664
sludge,85,190,64,255,521875914
half_cantaloup,251,142,173,255,522256512
cooked__cashew,143,111,250,255,522806809
sliced_brisket,92,99,164,255,525094616
cork,241,121,177,255,525131790
sliced_chocolate_cake,245,243,252,255,525334018
fire_sprinkler,62,131,89,255,526627669
pocketknife,209,145,233,255,526759473
portable_game_console,249,116,52,255,527799620
diced__carne_asada,209,117,219,255,528261513
flask_clamp,54,205,211,255,528866149
half_spice_cookie,81,239,215,255,529359156
half_fruitcake,186,227,118,255,529725094
half_chives,147,225,192,255,531280794
cooked__sage,207,174,150,255,531374218
half_pumpkin,124,209,177,255,531980678
granola_box,149,213,122,255,532669368
cardigan,247,79,67,255,533570933
diced__butter,181,69,88,255,533738226
doll,91,169,239,255,534272087
jelly_jar,110,223,89,255,534558369
hamster_wheel,116,242,211,255,535491258
diced__fillet,120,228,78,255,535868802
wall_mounted_sink,241,89,53,255,538103812
globe,89,236,155,255,540470379
pepper_shaker,206,228,88,255,542224639
teaspoon,188,94,102,255,542528973
curtain_rod,236,124,243,255,542532448
cooked__ravioli,71,177,62,255,543331733
linseed_oil,117,242,141,255,543371183
diced__broccoli,185,93,182,255,543982953
legging,60,162,209,255,544769169
ink_bottle,229,133,125,255,545507202
ramen,127,81,208,255,546526818
multi_station_wall_mounted_sink,234,67,228,255,547256736
cooked__water,219,80,148,255,548102774
mousepad,156,213,165,255,548976444
half_pizza_dough,224,137,251,255,549845382
signpost,158,254,83,255,551177533
hamburger_bun,114,67,68,255,554544577
green_bean,50,196,98,255,557493710
broken_glass,91,73,115,255,558130408
diced__brisket,99,240,227,255,558148377
half_venison,197,249,61,255,559134875
bottle_of_paprika,106,184,235,255,560001244
diced__cheese_tart,156,129,85,255,560662455
half_apple,229,122,199,255,561282446
cooked__diced__antipasto,129,250,187,255,561656622
blueberry_compote,106,227,220,255,562397042
baseball_glove,158,178,90,255,562759349
cooked__diced__veal,126,210,80,255,562814727
diced__salmon,68,96,132,255,563865258
half_cinnamon_roll,244,166,222,255,565218649
money,133,159,85,255,565391760
window_blind,242,236,183,255,565491674
garden_plant,182,234,59,255,565643625
cooked__diced__sprout,245,143,68,255,566306266
playground,95,240,177,255,566687399
security_camera,183,152,135,255,573199664
diced__chestnut,167,119,208,255,574875446
sticky_note,151,186,97,255,575627642
blackberry,134,66,185,255,578971527
deodorant,65,187,69,255,579489448
cooked__diced__asparagus,84,76,136,255,579567352
spray_paint,107,207,249,255,579737874
spaghetti,212,144,90,255,580497003
bottle_of_pizza_sauce,208,56,177,255,580512738
diced__arepa,221,91,68,255,581774415
iced_cappuccino,58,172,112,255,582046471
cooked__scrambled_eggs,121,254,107,255,582166544
cherry,235,77,77,255,582471794
screw,72,117,166,255,582703726
boxers,52,92,206,255,583286877
half_veal,147,95,248,255,585126282
diced__banana_bread,146,89,94,255,587329405
diced__french_toast,76,191,134,255,587749038
chocolate_kiss,94,177,222,255,588106249
box_of_coffee,127,53,80,255,588391254
diced__pieplant,174,55,91,255,589545297
multi_station_furniture_sink,165,252,204,255,590166532
pen,108,164,164,255,590620490
sauna_heater,60,139,82,255,591057669
cayenne,194,189,94,255,592216469
diced__asparagus,101,230,132,255,593231603
laptop,104,113,152,255,593656212
half_green_bean,221,78,114,255,594886099
olive_oil,190,202,105,255,594951634
quail_leg,160,205,59,255,595638768
cooked__diced__apple,181,74,97,255,596015315
liquid_soap_bottle,144,62,232,255,596840478
cooked__cherry_filling,128,172,211,255,596855364
half_meat_loaf,200,173,52,255,597512572
cooked__honey,172,230,213,255,597641019
grocery_shelf,213,235,124,255,597698025
half_pizza,222,102,202,255,598063132
cooked__diced__chili,196,183,249,255,598077453
half_chard,254,206,241,255,598196304
quarter,128,91,183,255,598806708
custard,152,166,176,255,599697271
jar_of_dill_seed,193,163,173,255,600506287
hay,202,150,82,255,601018168
diced__grapefruit,155,120,159,255,601992580
goalkeeper_gloves,98,214,147,255,602895739
cooked__diced__bok_choy,221,177,201,255,603022921
swing_set,76,102,140,255,603301231
bottle_of_lotion,190,89,190,255,603691039
hockey_puck,77,97,175,255,603755354
dip_candle,172,225,167,255,605769406
box_of_tissues,176,106,68,255,605956047
bottle_of_champagne,166,52,195,255,607357971
paint_roller,144,238,75,255,608147509
shoe_rack,143,165,216,255,609051596
tartlet,62,147,97,255,609491799
half_spinach,232,196,169,255,609743336
golf_club,73,95,183,255,609975354
highchair,58,151,207,255,611420646
chicken_soup,82,55,254,255,611615639
postcard,203,85,82,255,611911687
margarine,53,123,59,255,613698966
hamper,91,205,77,255,613741094
pack_of_cigarettes,82,205,131,255,614225723
firewood,170,186,131,255,616384278
cooked__custard,143,92,83,255,618110584
grated_cheese_sack,105,137,183,255,618840434
skimmer,195,216,175,255,618979255
pork_rib,79,152,132,255,619307022
aioli,136,203,111,255,620044348
diced__gingerbread,215,245,243,255,622298027
diced__cheesecake,119,214,238,255,622456985
cooked__poultry_seasoning,191,251,213,255,622786650
scone,141,121,175,255,622998105
cooked__diced__tortilla,100,87,235,255,624416672
cooked__black_pepper,102,126,170,255,625545211
dental_floss,77,226,245,255,626707038
crock_pot,90,138,152,255,626987641
case_of_eyeshadow,237,217,188,255,627013322
diced__chocolate_chip_cookie,195,206,124,255,627434573
can_of_icetea,125,100,107,255,627486052
onion_powder,207,212,232,255,627557100
drip_pot,154,54,193,255,627910469
curry_powder,192,116,163,255,629717160
pegboard,180,199,132,255,629836821
cooked__jelly_bean,208,253,79,255,629956651
diced__potato_pancake,103,154,166,255,630221020
half_bean_curd,197,218,228,255,632014487
cooked__peanut_oil,67,174,94,255,632494719
curtain,220,179,183,255,634229651
garden_chair,215,239,183,255,634291715
cooked__diced__potato_pancake,64,127,215,255,634541108
boxing_gloves,76,80,174,255,637352124
sunglasses,149,151,96,255,637652361
rosemary,163,250,156,255,637825017
can_of_tomato_paste,50,220,63,255,638190433
butane,176,164,73,255,639246675
cooked__diced__cinnamon_roll,198,153,229,255,640160690
polish,250,207,64,255,640985577
peanut,153,127,125,255,641346558
can_of_sardines,243,140,135,255,643057389
grout,113,117,90,255,643168634
bag_of_chips,105,246,107,255,643516994
cooked__diced__spice_cookie,173,218,227,255,643843072
kidney_bean,185,181,72,255,644026071
cooked__diced__sour_bread,196,106,81,255,644159109
bottle_of_face_cream,85,84,220,255,646183031
half_club_sandwich,164,164,223,255,646659871
headstone,194,241,102,255,647031970
periodic_table,198,120,188,255,649574991
cooked__maple_syrup,128,172,57,255,649683514
bratwurst,152,180,192,255,650021522
toaster_oven,80,100,54,255,650395495
diced__zucchini,246,84,213,255,650788648
bottle_of_coconut_milk,152,87,134,255,651415017
bag_of_yeast,155,223,151,255,652002335
antlers,112,164,163,255,652355760
microfiber_cloth,139,192,78,255,652644683
standing_loudspeaker,190,172,83,255,653809296
post_it,86,221,195,255,654696623
gelatin_box,182,93,140,255,654782970
arugula,178,116,241,255,655216886
headset,233,55,237,255,656244543
half_apple_pie,106,252,160,255,656398804
kayak,255,189,194,255,657014758
cooked__petite_marmite,69,251,187,255,657142992
longboard,77,73,237,255,658192738
diced__ramen,221,132,93,255,658347408
boxed_cake,52,227,214,255,658862543
crawfish,192,77,92,255,659417786
straw,223,245,73,255,659652337
plier,144,161,62,255,660202872
half_muffin,98,178,193,255,660820411
carton,176,147,174,255,660930217
bookcase_back,70,160,199,255,662341284
half_mustard_leaf,213,202,254,255,665048355
cooked__vanilla,62,129,122,255,666956477
agent,212,152,120,255,667506563
retainer,107,242,128,255,667653838
artichoke,178,252,120,255,670640393
bottle_of_antihistamines,163,176,122,255,670758253
cooked__bouillon,215,57,159,255,670928157
yeast_jar,100,199,79,255,671745990
marshmallow,62,252,65,255,671778941
bottle_of_oil,157,82,70,255,672470618
diced__spice_cookie,83,69,239,255,672900937
saxophone,209,108,145,255,673994030
bottle_of_olive_oil,160,218,125,255,675015943
red_wine,119,215,212,255,675878064
cooked__wheat,60,222,217,255,676398828
cooked__sesame_oil,232,204,122,255,677541340
picture,225,138,138,255,678671216
baby_oil,50,118,199,255,679910205
instant_coffee,229,153,63,255,680408168
yeast_shaker,215,58,150,255,682355967
whistle,102,219,151,255,683684194
bottle_of_bleach_agent,209,207,165,255,684369861
bottle_of_frosting,167,149,233,255,685201473
cooked__brown_rice,184,239,129,255,686512779
credit_card_terminal,74,54,172,255,686531532
bottle_of_lemonade,64,126,255,255,686703398
bottle_of_detergent,94,129,253,255,687979500
sweatshirt,225,199,221,255,688437980
raisin_box,242,183,181,255,690166419
half_spice_cookie_dough,232,213,167,255,690268960
brown_sugar,223,183,238,255,690329031
tortilla,205,131,154,255,690715294
can_of_cat_food,138,139,153,255,692911659
cottage_cheese,62,179,175,255,692940026
cooked__diced__grouper,172,89,203,255,693107136
lemonade_bottle,194,244,136,255,693366654
cooked__diced__pita,73,60,231,255,694795650
cooked__cayenne,215,157,83,255,696918699
vase,212,82,72,255,698501217
diced__fennel,128,154,187,255,698579490
centerpiece,99,185,67,255,698628630
paddle,183,254,72,255,698934062
coffee_table,158,149,225,255,700703002
cooked__diced__plum,182,77,222,255,701271903
bottle_of_hot_sauce,185,195,94,255,702512825
cooked__cheese_sauce,168,113,50,255,703886766
power_drill,225,236,166,255,707257539
dehumidifier,89,158,96,255,707424197
textbook,187,84,211,255,707539242
ping_pong_table,164,177,144,255,707860268
lemon_pepper_seasoning,74,86,106,255,707979426
gold_coin,141,118,50,255,708170448
toothpaste,141,185,186,255,708389859
bag_of_rice,151,105,230,255,709598841
allen_wrench,188,110,186,255,709741293
pickup_truck,53,130,180,255,710979274
orange_zest,161,136,228,255,711596925
diced__turkey,58,232,215,255,711696739
sesame_oil,100,227,120,255,711820241
chicken_broth,183,140,247,255,712491358
pack_of_ground_beef,136,220,143,255,714207396
cooked__lime_juice,104,100,227,255,714336325
lab_table,242,246,95,255,714377861
moth_ball,79,222,62,255,716701702
pork,51,109,148,255,717106905
green_tea_latte,94,196,63,255,718229132
turmeric,220,154,166,255,718348357
swivel_chair,224,150,88,255,719031680
coriander,168,96,249,255,719718405
cooked__molasses,132,207,172,255,721030656
diced__spice_cookie_dough,171,98,78,255,721412797
bottle_of_tea_leaves,149,191,94,255,721687562
baking_powder_jar,214,247,185,255,722058840
tablet,114,194,216,255,722605429
reception_desk,188,254,126,255,723658635
cooked__diced__chicken_wing,253,179,160,255,724066444
antifungal,108,176,132,255,724153835
gin,58,135,218,255,724850217
pellet,184,81,105,255,725223104
cooked__diced__parsnip,255,75,123,255,727121915
conchiglie,146,218,190,255,728597521
knife_block,123,229,78,255,729605163
hot_sauce_bottle,117,108,227,255,730054559
chowder,236,80,187,255,733092127
melted__cheddar,89,203,62,255,733612815
melted__granulated_sugar,134,181,204,255,733791930
bottle_of_cranberry_juice,176,229,228,255,733871963
cooked__diced__kabob,134,239,225,255,734651147
glue_stick,211,247,63,255,735245251
chili,201,89,244,255,735268484
half_bok_choy,169,97,252,255,735821763
whiteboard,159,129,94,255,736251197
whole_milk,106,64,85,255,736334618
lint,179,75,144,255,736976919
slingback,219,184,244,255,737847142
bottle_of_coconut_water,254,235,210,255,738696036
cooked__eggnog,134,105,143,255,739297981
keys,80,71,142,255,739722151
ginger_ale,186,185,246,255,740712019
compost,127,205,77,255,741957325
heavy_cream,71,250,85,255,742117899
diced__lime,178,60,235,255,744782917
taco,87,167,217,255,747131117
scotch,100,143,254,255,747736155
diced__chorizo,65,71,87,255,748481622
erlenmeyer_flask,82,244,191,255,750699345
half_crab,96,123,244,255,751207382
diced__cherry_tomato,163,173,108,255,751237357
tarnish,169,164,126,255,751907852
cooked__diced__oxtail,92,172,203,255,752395253
volleyball_net,250,223,70,255,752448131
boxed_ink_cartridge,249,159,221,255,753618634
box_of_takeout,253,65,244,255,754464014
trampoline_leg,183,202,157,255,758450089
half_peppermint_candy,177,193,142,255,758521018
cooked__diced__blackberry,157,77,234,255,758788094
lotion,173,252,152,255,760302281
bag_of_brown_rice,138,64,108,255,761444846
cooked__milkshake,58,254,202,255,762773674
roux,183,163,137,255,762949477
background,96,53,174,255,764121901
carton_of_pineapple_juice,221,204,113,255,765068464
shoulder_bag,143,114,57,255,767789817
tissue_dispenser,136,90,87,255,770532256
diced__ginger,175,245,115,255,770535464
bandana,181,51,111,255,770682800
cubicle,76,245,127,255,772427471
cooked__diced__tuna,143,236,149,255,773276180
loudspeaker,173,212,159,255,773893658
compost_bin,150,214,247,255,774722632
cream_carton,58,135,104,255,776411817
public_trash_can,78,56,168,255,776912660
saucer,185,180,95,255,777842830
lemon_water,83,155,202,255,778358464
l_shaped_handle,175,233,165,255,778728918
glass_lantern,254,54,173,255,779029928
half_squid,103,64,61,255,780566623
candy_cane,56,171,118,255,780898980
egg,55,79,71,255,781136474
diced__kale,168,202,150,255,782097169
cucumber,204,128,229,255,782240877
cooked__macaroni,64,158,246,255,783936481
cornstarch,229,196,191,255,784159929
gasoline,149,216,189,255,784265101
bottle_of_soda,215,103,236,255,784346908
chicken_leg,59,211,73,255,784520963
pool_table,244,216,251,255,785629755
storage_organizer,156,228,237,255,787067830
digital_camera,71,162,222,255,791591302
lighter,78,68,115,255,792857601
gunpowder,223,221,97,255,792958456
charcoal_grill,128,94,194,255,792959654
cooked__diced__banana_bread,163,91,166,255,794710030
half_sugar_cookie_dough,113,87,140,255,796708283
thermostat,198,143,132,255,797161811
pottable_chili,254,107,141,255,797190103
corkscrew,223,59,229,255,799203059
lubricant_bottle,168,203,176,255,799849257
green_onion,70,116,146,255,801018843
box_of_yogurt,118,121,90,255,802401946
cumin,224,221,199,255,803598313
raisin,132,206,157,255,806153271
chocolate_biscuit,62,223,79,255,806521730
bar_stool,88,213,253,255,807034487
china,242,139,140,255,807856353
cooked__diced__butternut_squash,81,184,50,255,808466907
peanut_butter,72,74,139,255,808786445
talcum,78,94,252,255,809284984
half_chicken_leg,193,191,91,255,809414410
straight_pin,127,197,82,255,809835929
cooked__dog_food,60,77,203,255,811895954
shower,112,101,54,255,813806123
saddle_soap,186,137,133,255,814057744
jar_of_grains,79,106,140,255,814115184
sugar_sack,100,89,237,255,814918173
flag_pole,113,209,64,255,817743394
mushroom_sauce,227,81,144,255,818784500
diced__doughnut,164,184,235,255,819037091
garlic,53,122,149,255,819053034
cooked__diced__granola_bar,157,175,102,255,819139337
postage_stamp,140,234,88,255,819831603
toilet_soap,138,234,73,255,820285777
garden_coffee_table,78,176,162,255,820973472
hair_dryer,176,149,55,255,821273107
cooked__crouton,132,229,50,255,821787543
tube_of_toothpaste,213,147,131,255,822033980
croissant,161,59,105,255,822448356
papaya,141,89,58,255,822712228
diced__bratwurst,222,62,106,255,822730615
floors,74,83,163,255,825831922
bottle_of_liquid_soap,187,238,172,255,826132723
diced__chocolate_cookie_dough,253,176,192,255,827236640
diced__pepperoni,171,255,126,255,827609209
sesame_seed,98,188,187,255,827820837
wine_bottle,105,125,172,255,828765335
diced__papaya,215,61,239,255,829178047
diced__chili,214,221,224,255,829871744
cooked__diced__salmon,198,221,147,255,831057928
cooked__mayonnaise,101,250,251,255,832108034
half_chocolate_cake,186,218,178,255,833546409
camera_tripod,130,168,182,255,834241335
cooked__diced__olive,165,88,150,255,834345387
nutmeg_shaker,142,251,59,255,835429402
bowling_ball,204,178,171,255,835472527
cooked__diced__marshmallow,136,218,202,255,836698151
copper_wire,189,215,188,255,837427383
box_of_lemons,104,104,81,255,837433085
doily,212,159,81,255,837511657
half_zucchini,184,75,55,255,837751999
cheese_sauce,95,115,185,255,837867011
sunflower_seed_bag,153,113,113,255,839048134
half_bay_leaf,56,231,106,255,840133369
cheesecake,141,154,142,255,843859573
olive_oil_bottle,237,143,83,255,844494413
cd,152,218,171,255,844752336
half_cherry_tomato,114,126,134,255,845330070
wheelbarrow,245,55,72,255,846548242
half_croissant,166,154,135,255,847148992
beaten_egg,219,246,250,255,848096141
rum,112,244,211,255,848472425
skirt,149,70,173,255,848652833
swiss_cheese,172,102,210,255,849279479
bottle_of_perfume,105,100,138,255,850057472
decorative_sign,122,68,115,255,851201988
half_beet,57,65,102,255,851230052
cooked__whole_milk,185,114,165,255,851336948
tomato_rice,119,130,58,255,851465943
paper_clip,196,161,128,255,851555613
mushroom,167,187,65,255,854062618
necklace,108,231,255,255,854846589
bottle_of_mustard_seeds,64,192,207,255,855240071
cooked__diced__tomato,202,230,81,255,855317490
soccer_ball,207,199,112,255,856456045
downlight,168,204,59,255,857085677
stucco,121,127,193,255,857338264
rhubarb,58,139,185,255,857573473
nutmeg,88,243,138,255,857762139
diced__kabob,118,66,111,255,859677595
paprika_shaker,177,89,115,255,859971573
cooked__diced__omelet,69,182,82,255,860664370
bottle_of_papaya_juice,234,174,129,255,862165522
electric_switch,188,144,236,255,862243369
cellulose_tape_dispenser,50,189,58,255,862348482
pattypan_squash,188,244,95,255,864927310
flour_sack,154,165,119,255,865208695
tweezers,61,195,111,255,866157438
thyme,189,167,87,255,866919716
fertilizer,58,61,123,255,867548131
shampoo_bottle,152,197,103,255,868856858
cooked__diced__lemon,123,247,189,255,869052243
raw_egg,79,173,88,255,870381077
agave,142,234,89,255,871012232
valentine_wreath,153,86,79,255,871389444
cooked__white_rice,67,104,129,255,871600333
diced__crescent_roll,220,215,211,255,871645095
cooked__pancake_batter,180,173,175,255,872155639
trophy,100,201,127,255,872909653
coffee_maker,233,163,229,255,872934005
portrait,87,167,118,255,872967348
diced__leek,162,140,226,255,873930996
blackboard,196,108,241,255,875473991
kielbasa,85,157,186,255,876144558
cooked__almond,85,205,232,255,876301794
vanilla_bottle,194,197,209,255,876698471
paper_coffee_filter,66,156,227,255,880325092
schnitzel,187,254,56,255,880631335
boulder,98,239,236,255,880903501
pineapple_juice_carton,205,77,149,255,883143078
cooked__vinegar,196,248,149,255,883214049
pumpkin,243,122,68,255,883765342
stain,98,152,215,255,884110082
jar_of_pepper,163,107,167,255,884324147
half_tofu,192,139,196,255,886506781
bottle_of_salsa,170,59,55,255,886523791
cooked__refried_beans,65,94,162,255,887031057
box_of_cereal,92,106,89,255,887812705
toilet_paper_holder,86,191,250,255,888102500
cooked__saffron,217,64,192,255,888207911
sanitary_napkin,237,106,158,255,888275402
loofah,205,207,74,255,888916055
price_tag,54,181,77,255,891159910
half_french_toast,61,93,85,255,892092759
armchair,235,151,154,255,894394119
half_coconut_fruit,190,242,209,255,895177393
tiramisu,156,94,234,255,895794697
liqueur,106,155,128,255,896131508
half_watermelon,161,201,240,255,896374715
diced__antipasto,250,195,108,255,896417975
deodorant_atomizer,150,120,190,255,897303531
bread_slice,202,176,135,255,897818300
cooler,195,61,79,255,898308465
food_processor,148,223,153,255,898335416
chia_seed,142,72,144,255,898370009
chives,222,111,240,255,898489456
burlap_bag,145,241,62,255,898841337
ribbon,180,93,114,255,898918028
sleeping_bag,115,65,76,255,898944059
hammock,117,118,217,255,899672898
can_of_tomatoes,235,133,248,255,900298040
wax_remnant,199,181,68,255,900985048
half_fillet,195,213,184,255,902550635
granola,165,180,183,255,903196987
mashed_potato,155,123,137,255,903242665
pork_chop,240,241,122,255,903461017
flower_petal,128,206,208,255,904086722
ginger_beer,210,131,189,255,904276450
white_rice,128,170,128,255,904454984
baguette,92,114,170,255,905284274
sticker,218,113,188,255,905302367
marinara_jar,131,206,146,255,906248286
bottle_of_beer,241,73,179,255,907229335
cumin_shaker,128,208,131,255,907413564
diced__cinnamon_roll,99,97,144,255,907635925
oat_box,129,170,156,255,907686359
console_table,102,142,97,255,908582031
bottle_of_soy_milk,147,214,149,255,910013548
glaze,217,154,244,255,910895866
marigold,135,249,174,255,911820433
bottle_of_milkshake,232,210,57,255,913266140
screwdriver,57,67,216,255,913450680
denture,188,54,128,255,913665303
box_of_whiskey,68,178,172,255,916690051
hydrogen_peroxide,124,213,174,255,916801607
milk_carton,252,243,126,255,918131099
half_vidalia_onion,181,176,189,255,918955752
diced__green_onion,120,216,80,255,919647996
coal,162,224,182,255,921306181
cheese_tart,186,81,62,255,921953013
standing_mirror,62,183,92,255,922155570
black_bean,189,86,78,255,923839150
cooked__diced__fruitcake,185,148,104,255,923885117
cooked__diced__eggplant,118,213,128,255,924780294
bottom_cabinet_no_top,65,157,119,255,927165736
roll_dough,195,175,154,255,927746661
outlet,240,216,162,255,928006790
jar_of_jelly,76,84,231,255,929981210
paper_bag,146,216,132,255,930482883
half_branch,166,242,103,255,930669175
diced__meatball,207,57,111,255,930705441
jersey,81,132,94,255,931497938
diced__strawberry,82,160,190,255,931675933
spray_bottle,191,255,221,255,932346566
popcorn_bag,146,197,115,255,932706774
chestnut,197,82,229,255,932821663
cooked__diced__clove,130,127,180,255,935116871
lemonade,249,162,79,255,935239690
cooked__diced__taco,226,158,187,255,935747861
box_of_butter,186,172,239,255,937949473
canned_food,88,151,129,255,939587475
insectifuge,56,176,104,255,939922561
trumpet,69,121,166,255,940140311
punching_bag,215,168,141,255,940332516
chlorine,204,204,176,255,941058494
dreidel,70,187,132,255,941903838
half_pickle,236,183,143,255,943516074
bottle_of_pumpkin_pie_spice,120,195,190,255,944019040
diced__prawn,187,184,90,255,946302261
cooked__breadcrumb,92,65,184,255,947141389
motion_sensor,248,75,70,255,947264803
bag_of_mulch,195,219,179,255,948537254
shorts,178,108,219,255,948888631
sesame_seed_shaker,87,150,210,255,951361422
cooked__brown_sugar,229,198,52,255,951646732
acetone,252,249,127,255,951784537
cooked__diced__dried_apricot,237,103,222,255,952347307
cooked__diced__ham_hock,161,110,119,255,953270010
oil_bottle,149,142,83,255,954416691
cherry_filling,190,80,78,255,956792679
half_chocolate_chip_cookie,180,151,101,255,957237533
gym_mat,85,145,169,255,957871081
chicken_breast,148,237,232,255,957873521
cooked__coconut_oil,73,88,133,255,958908245
half_asparagus,69,130,77,255,959128043
half_beefsteak_tomato,99,134,105,255,959687899
bottle_of_coconut_oil,93,111,127,255,960377082
grater,81,172,150,255,960742579
half_potato,51,78,200,255,961590464
enchilada,228,102,234,255,968645675
bottom_cabinet,66,178,126,255,969358375
rum_bottle,71,235,67,255,969388867
hospital_bed,239,144,255,255,969980275
chainsaw,195,109,161,255,972335029
outline_vase,138,75,188,255,972572424
massage_bed,107,182,53,255,973316868
edible_cookie_dough,218,186,228,255,973743204
yogurt_carton,80,235,132,255,974058185
bap,217,238,219,255,974674748
bird_feeder,113,95,143,255,974940407
half_cardstock,106,216,243,255,975126200
diced__venison,65,217,74,255,975455021
grocery_fridge,237,174,209,255,976052289
bottle_of_shampoo,239,142,247,255,976195962
bucket_of_paint,106,90,222,255,976716126
chocolate_cake,63,88,100,255,977041147
wok,133,52,147,255,977113419
sugar_syrup,177,204,173,255,977129413
wicker_basket,114,231,153,255,977810660
half_waffle,135,53,50,255,979313409
cooked__diced__spice_cookie_dough,164,66,69,255,981235326
sunscreen,223,212,61,255,982181693
half_chestnut,197,170,218,255,982195969
diced__scone,141,125,113,255,983408129
sliced_roast_beef,196,149,198,255,983472648
jar_of_coffee,155,236,188,255,985076783
bottle_of_lubricant,127,241,63,255,985330529
cola_bottle,142,200,109,255,986061130
scoreboard,74,174,253,255,986237400
cooked__diced__sourdough,171,142,60,255,986698098
wallet,162,127,211,255,988596462
rolled_yoga_mat,99,120,219,255,988927043
diced__bean_curd,132,166,231,255,990300743
diced__cherry,142,122,150,255,990618673
cooked__orange_juice,158,177,132,255,990721643
bottle_of_lighter_fluid,173,81,197,255,991465522
digital_thermometer,143,122,209,255,992875782
diced__buttermilk_pancake,151,121,208,255,994390535
bottle_of_sesame_oil,93,170,151,255,994837954
bottle_of_ammonia,251,253,172,255,995114352
pool_stick,197,82,228,255,996343881
paver,177,199,96,255,996592683
information_bulletin,177,175,236,255,996882806
dvd,111,197,219,255,996914981
dry_food_dispenser_shelf,87,132,132,255,997417179
half_ginger_root,192,179,242,255,997722365
cooking_oil_atomizer,208,158,103,255,998777096
box_of_rice,150,62,157,255,998817451
wool_coat,149,114,148,255,999798908
white_wine,103,113,238,255,1000477703
platter,208,130,131,255,1002619688
cooked__diced__kale,235,121,165,255,1003555211
espresso_machine,153,123,174,255,1003833070
brisket,87,89,189,255,1003835277
poster,186,163,107,255,1004700079
cooked__cheese_pastry_filling,155,255,124,255,1004906335
diced__turkey_leg,172,163,141,255,1006290823
coconut_oil,170,164,149,255,1008399782
ice_cream_carton,243,203,98,255,1009264445
bottle_of_cologne,175,76,51,255,1009769515
sound_system,109,189,184,255,1011271559
jar_of_pepper_seasoning,86,210,181,255,1011664601
cappuccino,152,174,89,255,1012834451
air_filter,139,113,91,255,1013764540
cooked__diced__white_turnip,197,185,174,255,1013816131
cooked__diced__trout,62,148,97,255,1013817426
chicken_wire,174,141,210,255,1013974587
fixed_window,220,167,242,255,1013997896
whitewall_tire,238,185,194,255,1014762375
diced__pear,180,76,118,255,1014960310
beer_keg,208,186,231,255,1016621814
toy_figure,249,227,138,255,1016794590
tree,210,102,120,255,1017770040
can_of_oatmeal,140,188,93,255,1019039848
half_kiwi,165,142,196,255,1019628046
commercial_kitchen_table,66,143,178,255,1020183791
cigarette,135,138,103,255,1020373936
cooked__jam,156,174,148,255,1020842618
tupperware,75,213,164,255,1021217921
trailer_truck,126,229,222,255,1022170704
bottle_of_tequila,174,235,191,255,1022427762
cooked__diced__papaya,149,87,104,255,1022946484
petri_dish,51,125,206,255,1024628044
tabletop_sink,175,238,54,255,1025125773
ham_hock,91,77,66,255,1029304440
half_leek,126,163,59,255,1031566193
bottle_of_fabric_softener,102,204,225,255,1031596773
cooked__diced__vanilla,187,80,104,255,1031833300
applesauce,223,144,86,255,1032450984
thumbtack,113,244,218,255,1033862530
flat_coat,197,158,150,255,1033948456
cup_of_ranch,53,225,72,255,1034927577
cooked__diced__french_toast,170,113,77,255,1035491338
papaya_juice,255,212,105,255,1035730913
serving_cart,79,115,137,255,1037147956
jar_of_cocoa,63,232,245,255,1037318345
cardstock,100,230,70,255,1039635309
caraway_seed,242,97,90,255,1040791935
nut_butter,176,114,165,255,1040898767
detergent_bottle,182,110,184,255,1042098560
cooked__diced__chestnut,155,196,76,255,1042342490
half_tortilla_chip,105,101,201,255,1042452861
cooked__miso,200,228,124,255,1042875415
deodorant_stick,215,207,116,255,1044657877
canola_oil,221,155,135,255,1045201293
cooked__green_tea,230,76,224,255,1045773084
french_fry_holder,60,96,109,255,1046319860
pumpkin_seed,53,213,160,255,1046370481
diced__gourd,64,156,62,255,1046668052
cooked__barley,169,167,119,255,1047887948
half_nectarine,87,233,50,255,1048052132
virginia_ham,53,91,162,255,1048511467
lime,233,214,114,255,1048637462
diced__agave,217,201,199,255,1050259055
easter_egg,196,231,247,255,1050704900
cocoa_powder_jar,221,156,218,255,1052935452
diced__porkchop,80,125,228,255,1053293267
beef_broth,129,62,238,255,1053697520
half_pork_chop,89,53,104,255,1053847853
alga,198,96,134,255,1056626744
drill,68,212,181,255,1056937193
cooked__nutmeg,200,248,213,255,1057238532
jigsaw_puzzle,62,250,188,255,1057448913
hairbrush,72,77,75,255,1057828542
cooked__diced__chicken_tender,84,179,202,255,1058501046
electric_fan,116,163,80,255,1059478863
wrinkle,146,243,138,255,1060228017
receipt,151,95,164,255,1061021963
half_durian,219,76,114,255,1061438854
pottable_dahlia,68,176,240,255,1063742929
bowl,68,130,102,255,1064098387
cooked__mashed_potato,136,130,242,255,1064321868
wood_fireplace,183,113,252,255,1065266635
magnifying_glass,92,222,191,255,1066814231
lid,237,163,61,255,1067056044
video_game,208,216,55,255,1067214941
leaf_blower,131,164,85,255,1068103460
pottable_daffodil,249,81,89,255,1068233328
saffron,158,111,185,255,1069285608
whetstone,96,186,219,255,1070308590
cooked__diced__chives,72,228,169,255,1072030355
cooked__ricotta,174,120,78,255,1072272735
meat_thermometer,59,184,222,255,1073018823
cooked__diced__waffle,125,140,148,255,1073154993
mold,245,76,211,255,1073938348
cooked__beef_stew,170,57,213,255,1075524736
diced__crayfish,167,170,76,255,1077583595
sauna_suit,85,221,102,255,1078499282
shower_stall,189,239,217,255,1078715895
openable_window,74,214,232,255,1079165917
dowel,130,232,229,255,1079445500
cooked__coconut_milk,249,54,116,255,1080676677
cooked__diced__biscuit_dough,196,181,220,255,1081769306
watering_can,236,157,242,255,1084183439
diced__butter_cookie,65,192,95,255,1085403184
hiking_boot,104,171,162,255,1085959405
dipper,164,177,61,255,1087420961
cheese_pastry_filling,62,175,178,255,1087820305
sandbox,133,50,146,255,1088175599
patty,70,210,178,255,1089865369
dog_food_can,244,51,109,255,1090068556
bottle_of_chili_pepper,182,180,216,255,1091756319
cooked__pistachio,78,180,112,255,1092103025
structural_element,122,215,181,255,1092343181
half_peach,184,92,135,255,1092875012
shortening,172,67,128,255,1092991415
hard_drive,236,76,139,255,1093256226
candy_dispenser_shelf,50,170,82,255,1093838253
ceiling_air_conditioner,125,217,134,255,1094342976
half_cheese_danish,252,130,193,255,1095273846
bleu,105,249,226,255,1095822087
half_toast,165,241,170,255,1097121254
cooked__hot_sauce,178,89,236,255,1099403925
hard_candy,110,248,208,255,1100786960
hummus_box,254,198,120,255,1101643781
lime_juice_bottle,234,55,185,255,1102351747
venison,112,53,230,255,1102977809
hook,225,84,152,255,1105870045
cooked__coca_cola,113,95,232,255,1106307988
bottle_of_caulk,136,81,189,255,1106478605
ripsaw,73,244,160,255,1106575751
jar_of_strawberry_jam,161,240,101,255,1107201369
classroom_mock_up,75,222,244,255,1108516024
cooked__waffle_batter,190,157,88,255,1111966634
half_pork,140,132,113,255,1112215805
wall_mounted_loudspeaker,118,74,239,255,1112333735
brownie_batter,125,155,243,255,1112609038
dust,234,126,214,255,1113855270
ceiling_mounted_basketball_hoop,189,50,60,255,1116227985
diced__sugar_cookie,168,88,220,255,1116366635
cooked__diced__pepperoni,137,60,179,255,1117055495
nativity_figurine,82,90,213,255,1117614914
parsnip,154,74,173,255,1118058295
cooked__chickpea,223,148,124,255,1120349378
tablecloth,60,216,61,255,1120498294
diced__olive,116,228,223,255,1121059507
cooked__nut_butter,215,144,94,255,1121356572
desk_phone,131,166,154,255,1122280137
star_anise,111,88,183,255,1122409514
fishing_rod,207,142,144,255,1122675617
mint,238,134,142,255,1123560412
skateboard_wheel,224,95,122,255,1124646284
door,62,90,176,255,1127762141
diced__parsnip,217,151,83,255,1128688919
box_of_wagashi,86,83,88,255,1128884131
cooked__diced__green_onion,106,75,201,255,1131876872
car_wheel,74,217,231,255,1132708060
echeveria_elegans,64,165,242,255,1134853354
dried_apricot,78,204,92,255,1135399861
jeans,191,53,98,255,1136105583
bottle_of_ground_nutmeg,226,174,241,255,1137616690
cooked__diced__bay_leaf,199,234,94,255,1138031741
cooked__diced__gingerbread,62,254,124,255,1138527699
bottle_of_protein_powder,230,224,227,255,1138618969
pearl,54,155,84,255,1138631831
kiwi,70,212,147,255,1139316904
half_lobster,209,85,243,255,1139597677
cooked__diced__club_sandwich,86,182,145,255,1141266788
bag_of_auricularia,140,195,222,255,1142262282
asparagus,161,204,168,255,1142476525
dartboard,95,190,182,255,1142547193
green_onion_stalk,120,211,86,255,1142958207
toilet,158,166,53,255,1143102639
nail_polish,183,159,80,255,1143175324
sour_cream,107,51,185,255,1143338561
water_atomizer,207,84,150,255,1144165484
buttermilk,103,107,152,255,1145755678
cooked__beaten_egg,95,59,126,255,1146016532
half_garlic,159,218,224,255,1148898542
colander,69,50,167,255,1148991042
gate,71,81,129,255,1149175971
melted__chocolate,88,165,78,255,1150142097
half_meatball,141,171,95,255,1150199904
watch,129,64,156,255,1152539394
diced__cod,213,107,158,255,1152895294
walker,93,182,202,255,1153628420
cooked__diced__yam,168,83,93,255,1154307775
garlic_bread,156,190,243,255,1156122278
rake,80,211,70,255,1156590743
diced__gelatin,96,172,197,255,1156632969
scrambled_eggs,60,226,146,255,1156639291
ceiling_mounted_projector,128,195,185,255,1157043901
hair_spray,121,239,86,255,1158829704
shiitake,152,170,149,255,1159252200
cooked__pea,96,224,150,255,1160134285
mallet,171,198,89,255,1160428101
half_kabob,189,233,126,255,1160434547
turkey_leg,50,86,189,255,1163108083
cooked__diced__chicken_leg,236,130,68,255,1163269409
cooked__jerk_seasoning,109,61,97,255,1166340692
honey_jar,151,174,55,255,1166541056
notepad,101,177,238,255,1167375823
box_of_baking_mix,113,130,249,255,1168159793
drop_in_sink,155,108,102,255,1168720486
folder,51,141,124,255,1170262168
lemon_pepper_seasoning_shaker,203,94,200,255,1172471745
gelatin,94,161,236,255,1172708448
syringe,63,120,102,255,1173696851
car,126,186,233,255,1173755353
sandal,209,194,109,255,1174025182
reagent_bottle,209,187,138,255,1175531207
lens,140,173,110,255,1177484018
room_light,135,79,190,255,1178803911
diced__yam,59,169,119,255,1179303963
mulch_bag,233,59,102,255,1180690069
chicken_coop,95,125,124,255,1181154551
pedestal_sink,205,229,99,255,1181958399
half_doughnut,138,207,89,255,1182263100
water,128,254,187,255,1183194156
plate,79,138,142,255,1184854716
paper_lantern,138,179,169,255,1185104148
half_radish,121,247,212,255,1187015430
cooked__pecan,54,140,221,255,1187136557
tights,58,142,178,255,1187583590
martini,133,199,142,255,1187867799
hose_cart,144,231,238,255,1187967084
eyeshadow,74,149,204,255,1188002775
name_tag,99,227,229,255,1188235716
pipe_cleaner,100,137,111,255,1189009210
lime_juice,84,159,144,255,1189539686
cooked__tomato_paste,78,144,165,255,1190002466
alarm_clock,91,207,90,255,1190254079
cooked__instant_coffee,180,238,179,255,1190947176
ice_lolly,205,69,211,255,1191646884
baseboard,246,191,88,255,1192174049
cooked__onion_ring_batter,93,152,50,255,1192432719
instant_coffee_jar,208,127,190,255,1192514986
cooked__diced__strawberry,157,67,71,255,1192525619
peppermint_candy,138,240,60,255,1192968240
test_tube_clamp,139,206,193,255,1193119557
diced__swiss_cheese,68,204,142,255,1193377358
chicken_wing,88,51,137,255,1193408704
chili_powder,251,238,244,255,1194160907
box_of_aluminium_foil,234,167,223,255,1194606706
violin,242,113,242,255,1195381789
weed,138,124,150,255,1196145172
durian,199,131,208,255,1197288874
bottle_of_sunscreen,75,74,203,255,1198091542
gingerbread,204,127,239,255,1198535715
half_log,67,200,250,255,1199113658
bottle_of_onion_powder,201,80,93,255,1199162968
kale,166,171,241,255,1199167125
bobby_pin,232,149,150,255,1199910536
soya_milk,69,64,192,255,1201530137
milkshake,95,161,89,255,1203801773
pineapple_juice,210,222,242,255,1204057538
christmas_tree,217,149,79,255,1205186482
stove,173,85,107,255,1206987856
half_chili,106,77,97,255,1207233180
christmas_tree_decorated,228,129,137,255,1207664391
light_bulb,250,124,183,255,1207709784
briefcase,164,143,252,255,1208171594
bottle_of_cold_cream,81,238,139,255,1209583913
chickpea_can,254,83,50,255,1212700061
cooked__diced__mango,218,141,180,255,1212764546
parsley,102,111,156,255,1213021106
baseball,158,101,80,255,1213384841
canister,135,125,232,255,1213537542
muffin,203,131,218,255,1214113145
box_of_coconut_milk,145,84,67,255,1214619374
cooked__fennel,70,97,198,255,1216011656
box_of_cookies,203,87,66,255,1216396136
quiche,63,204,96,255,1216544498
sealant,61,233,245,255,1217136363
can_of_bay_leaves,192,236,91,255,1218101569
granola_bar,145,101,239,255,1218763153
lamb,160,77,218,255,1219452016
funnel,189,91,59,255,1221664396
cooked__arborio_rice,112,56,214,255,1222116593
cooked__cafe_au_lait,78,114,195,255,1223529900
architectural_plan,252,179,176,255,1224149860
diced__cookie_dough,170,158,243,255,1224245425
carving_knife,187,170,55,255,1226456673
cooked__diced__prosciutto,53,140,187,255,1227523863
leotard,150,175,246,255,1227549219
half_chicken,118,129,172,255,1228243820
diced__vidalia_onion,182,63,219,255,1228412054
bicycle_rack,56,121,249,255,1228506375
folding_chair,84,71,154,255,1228992582
insectifuge_atomizer,182,189,162,255,1229369108
cookie_dough,81,188,117,255,1230333153
jug,96,203,143,255,1231433653
polish_bottle,161,227,113,255,1233537949
thyme_shaker,124,212,153,255,1234696400
half_cupcake,122,194,195,255,1236250390
fried_chicken,88,168,92,255,1236541788
poker,136,241,66,255,1238059318
cooked__diced__nectarine,101,85,113,255,1238103433
envelope,140,214,239,255,1238532474
cooked__red_meat_sauce,194,143,84,255,1238583855
butter,175,223,218,255,1238691451
prosciutto,227,70,127,255,1240521346
scoop_of_ice_cream,62,105,126,255,1241087004
yeast,71,109,75,255,1241416639
diced__roast_beef,91,220,212,255,1242502559
sushi,164,163,138,255,1243171217
cooked__cider,227,85,242,255,1244094088
wall_mounted_light,113,52,173,255,1244297003
chip,133,114,248,255,1244531951
cooked__diced__pieplant,131,92,83,255,1244772618
half_edible_cookie_dough,140,153,203,255,1245766444
cooked__diced__apricot,76,199,116,255,1247524692
half_leaf,208,165,205,255,1247526455
borax,62,116,251,255,1247754856
cooked__peanut,64,141,91,255,1249843435
cooked__diced__chard,100,208,83,255,1251017148
rutabaga,188,151,229,255,1251647311
lima_bean,243,75,156,255,1252275182
paving_stone,67,104,172,255,1252375919
diced__muffin,82,171,74,255,1252634494
floor_wax_bottle,132,81,100,255,1252767434
gaming_table,239,167,241,255,1252778102
frame,68,226,253,255,1253483710
scrub_brush,253,180,135,255,1254579342
vanilla_flower,253,145,148,255,1254609931
tulip,234,153,108,255,1254707437
box_of_champagne,132,234,166,255,1254967350
coaster,165,217,57,255,1255669574
diced__tofu,227,115,181,255,1255740095
photocopier,155,127,166,255,1255856923
grated_cheese,164,169,119,255,1256106804
cooked__espresso,53,248,170,255,1256705162
electric_kettle,208,161,118,255,1256802158
bag_of_fertilizer,172,65,139,255,1256804725
pack_of_chocolate_bar,50,231,124,255,1258034658
cooked__meringue,140,196,149,255,1258243256
cooked__diced__dumpling,62,65,180,255,1258694027
sofa,112,55,70,255,1258821722
cooked__diced__radish,179,77,99,255,1260501810
pretzel,236,254,174,255,1260574912
ski,231,166,163,255,1261626196
cooked__pumpkin_pie_spice,231,165,141,255,1261726576
cooked__diced__brisket,163,117,250,255,1262414155
diced__artichoke,245,81,110,255,1262574277
cooked__red_wine,172,251,236,255,1262649409
diced__potato,229,125,194,255,1262750985
half_banana,215,81,68,255,1262912453
box_of_sanitary_napkins,241,152,238,255,1262932926
wall_nail,187,165,65,255,1264769660
half_kale,192,243,223,255,1265851054
electric_mixer,177,122,149,255,1266864542
bottle_of_tea,198,250,194,255,1267094524
cooked__diced__frankfurter_bun,108,199,224,255,1272177200
basil_jar,251,156,155,255,1272369972
foam,123,255,116,255,1272436215
mailbox,187,122,102,255,1272456706
pipe,127,70,143,255,1274340809
half_brussels_sprouts,138,80,214,255,1275588903
cap,116,161,78,255,1275688215
cinnamon_shaker,57,64,110,255,1276256851
jade_roller,228,206,137,255,1276332712
bottle_of_sealant,117,193,141,255,1276768609
tackle_box,73,248,227,255,1276789876
ground_beef,125,109,129,255,1277928471
diced__marshmallow,119,208,62,255,1278554294
brussels_sprouts,141,253,121,255,1278874465
baking_powder,55,54,92,255,1281454244
pumpkin_pie_spice,173,53,182,255,1281720173
cooked__diced__cod,191,88,244,255,1281749646
cooked__diced__burrito,104,66,57,255,1282275807
cooked__chocolate_sauce,218,157,69,255,1282385605
half_wrapping_paper,236,126,87,255,1282791766
green_tea,195,237,194,255,1282808498
diced__lemon,67,178,164,255,1284228153
bell_pepper,114,164,185,255,1284817781
microscope,251,90,214,255,1285133834
jar_of_chilli_powder,235,87,90,255,1285701828
carbon_black,210,59,84,255,1286607714
lint_screen,73,202,174,255,1286626251
cooked__diced__ramen,57,224,98,255,1286630057
rag,231,144,173,255,1286871997
broccolini,156,90,248,255,1287404312
pomelo,254,128,152,255,1288113147
cooked__diced__squid,160,89,170,255,1288177489
macaroni,175,146,169,255,1288283998
squeegee,157,99,122,255,1290784751
half_chocolate_biscuit,183,152,149,255,1291903477
vanilla,184,219,108,255,1292059713
bookcase,240,205,74,255,1292937678
cooked__diced__cold_cuts,165,200,170,255,1293910852
kayak_rack,96,239,80,255,1294155526
recreational_vehicle,130,79,162,255,1294606345
water_filter,208,65,198,255,1296419958
tarp,149,203,65,255,1296586833
cooked__diced__hamburger,247,175,126,255,1296631475
painting,237,182,176,255,1298223085
cooked__mustard,230,142,103,255,1299558659
diced__crab,156,54,187,255,1299564463
half_hamburger,180,255,182,255,1300529707
pottable_cactus,52,235,74,255,1300696216
fuel_can,249,94,108,255,1300900022
cooked__diced__roast_beef,154,253,189,255,1301344561
mussel,179,151,57,255,1302866872
antihistamine,127,169,200,255,1303396443
beer_tap,83,153,215,255,1303705944
cooked__gravy,172,153,191,255,1304148744
bath_towel,120,234,103,255,1304696130
cup_of_yogurt,73,166,175,255,1306634089
vegetable_peeler,123,228,74,255,1307154987
half_broccolini,91,135,156,255,1307934102
violin_case,225,66,228,255,1309275888
chalice,146,62,164,255,1309841357
cooked__worcester_sauce,217,61,155,255,1310576368
handset,98,130,96,255,1311155687
cooked__diced__hip,173,79,169,255,1311568766
mustard_seed,113,80,186,255,1312101914
diced__enchilada,85,185,186,255,1312175021
cooked__filling,80,146,133,255,1314503962
brandy,159,220,151,255,1315137670
shoe_box,54,227,118,255,1315266616
bottle_of_gin,90,224,173,255,1315539311
carton_of_soy_milk,182,81,154,255,1315544824
firewood_grate,111,119,167,255,1317118114
half_white_turnip,234,110,211,255,1317130332
popcorn_machine,231,245,97,255,1317684768
essential_oil,58,171,131,255,1317795258
marinade,219,92,77,255,1317875311
spotlight,129,163,207,255,1318101895
grandfather_clock,126,143,225,255,1318230247
diced__mustard,108,102,148,255,1318927972
cooked__diced__hard_boiled_egg,168,145,174,255,1319977419
hutch,198,149,175,255,1320029765
half_parsnip,249,112,182,255,1321077096
diced__trout,144,127,58,255,1321206847
cooked__diced__cucumber,51,138,105,255,1321265670
plastic_wrap,105,60,248,255,1321461938
scallop,63,182,108,255,1321666173
meatball,98,224,89,255,1322444953
notebook,243,142,169,255,1322886991
feather,244,123,174,255,1323366313
half_marshmallow,224,223,178,255,1324068501
newspaper,86,119,161,255,1325211470
chickpea,245,163,95,255,1325483428
whisk,179,186,243,255,1326137638
hanging_banners,72,251,158,255,1326455123
bulletin_board,115,190,255,255,1326552114
bottle_of_maple_syrup,232,188,134,255,1327311948
broom,100,71,139,255,1327527115
bottle_of_sriracha,104,238,110,255,1327772339
candied_yam,101,126,177,255,1328138122
bar,234,181,197,255,1328370162
cranberry_juice,69,146,126,255,1328569942
walnut,56,165,182,255,1329339045
cooked__caraway_seed,137,158,201,255,1329690999
towel_rack,93,235,73,255,1330017243
pita,101,147,184,255,1330517481
half_kielbasa,156,104,244,255,1330766063
rubber_glove,135,191,214,255,1331215294
mustard_seasoning,146,76,64,255,1331483680
rubbing_alcohol_atomizer,208,199,77,255,1332856840
arbor,200,142,242,255,1333102774
charger,64,83,227,255,1334140813
half_cherry,178,119,244,255,1335022134
cooked__diced__melon,182,50,131,255,1335321609
ice_cream_cone,71,169,129,255,1335490269
credit_card,176,79,76,255,1335792207
half_taco,174,148,207,255,1335882526
diced__tortilla,63,60,147,255,1336534693
clipper,252,198,97,255,1337026477
diced__cantaloup,183,248,87,255,1337566134
cooked__diced__rutabaga,91,122,81,255,1337706839
cooked__diced__chicken,112,148,57,255,1338347092
half_trout,240,233,205,255,1338391255
cruet,92,195,251,255,1338488556
wind_chime,141,194,182,255,1338550642
diced__prosciutto,238,168,150,255,1339405921
pineapple,56,181,92,255,1339569203
drinking_fountain,130,153,107,255,1339659113
shopping_basket,77,76,73,255,1339788540
melted__swiss_cheese,170,57,164,255,1341759078
hard_boiled_egg,125,130,72,255,1342184515
diced__bagel_dough,172,246,204,255,1342665751
pack_of_ramen,113,248,86,255,1346256038
floor_wax,142,203,62,255,1346728200
pedestal,77,217,121,255,1346911263
chard,220,188,217,255,1347553475
half_chicken_breast,182,126,227,255,1347557630
meringue,212,128,141,255,1348695400
cooked__diced__frank,134,196,239,255,1350021294
zipper,66,180,117,255,1351571391
pestle,190,92,219,255,1353178099
half_salmon,52,64,240,255,1353547970
cooked__pine_nut,243,242,125,255,1354471867
ice_tray,69,230,215,255,1355677032
buttermilk_pancake,191,131,232,255,1356475174
cooked__diced__pumpkin,192,232,139,255,1358392684
vodka,172,226,151,255,1358883336
easel,248,106,144,255,1358983072
old_fashioned,64,83,196,255,1359731809
table_runner,124,89,194,255,1359869290
jelly,188,208,208,255,1360716101
cooked__diced__cherry,92,249,137,255,1362082156
cayenne_shaker,165,99,115,255,1362181688
diced__shiitake,88,107,230,255,1362206704
whiskey_bottle,140,197,185,255,1362353143
diced__coconut,251,195,143,255,1362355664
bottle_of_cleaner,121,134,51,255,1362442032
water_bottle,108,57,155,255,1364142110
diamond,57,196,122,255,1364205471
diced__bacon,244,251,230,255,1366488386
test_tube,121,192,103,255,1366604969
bottle_of_glass_cleaner,217,202,62,255,1367976121
half_eggplant,140,230,91,255,1368088065
cooked__diced__cantaloup,208,177,147,255,1369561426
granulated_salt,178,233,205,255,1369561737
diced__mushroom,176,235,187,255,1370878235
hose,202,116,195,255,1371643028
coconut_milk,148,126,129,255,1371875072
cream_soda,252,218,74,255,1372522292
box_of_raspberries,103,254,201,255,1372535345
adhesive_material,180,50,68,255,1373112693
diced__pomelo,93,168,70,255,1374208320
cooked__sesame_seed,62,228,247,255,1374232370
sieve,169,62,155,255,1375468403
bleaching_agent_atomizer,214,90,106,255,1375528356
diced__danish,92,83,181,255,1375625414
hair,151,108,218,255,1377107738
french_toast,183,80,243,255,1377637725
top_cabinet,73,242,194,255,1377687495
cabinet_door,251,255,177,255,1379068000
diced__french_fries,62,171,87,255,1379653512
pepperoni,173,58,155,255,1379955511
peat,124,68,160,255,1380843167
carafe,234,242,181,255,1381239441
rubber_boot,150,80,67,255,1383081316
low_resolution_tree,69,210,223,255,1383197867
half_sunflower,111,232,154,255,1383950472
box_of_baking_powder,135,97,198,255,1384430664
cooked__raisin,124,151,191,255,1384696055
drip_coffee,223,176,119,255,1386109547
half_snapper,98,221,133,255,1386401111
shaker,196,193,239,255,1386550987
pine_cone,238,145,252,255,1387045941
chlorine_bottle,208,254,138,255,1387390492
brown_rice_sack,253,202,174,255,1388252371
skates,119,200,165,255,1388853247
chicken,149,238,91,255,1388979968
diced__bagel,66,221,125,255,1389014130
poster_roll,226,92,154,255,1389492035
diced__sprout,199,170,52,255,1389664666
sliced_lemon,201,112,226,255,1390606819
cooked__gazpacho,204,169,229,255,1391055611
bottle_of_medicine,249,107,202,255,1391817421
diced__chanterelle,134,81,109,255,1393249439
food_slicer,173,255,69,255,1393268723
ticket,119,126,123,255,1394513516
soy_sauce_bottle,250,230,202,255,1396546346
half_butter,208,247,144,255,1397140249
litter_box,111,125,129,255,1397821104
box_of_lasagna,147,189,72,255,1398219265
cooked__diced__turkey_leg,89,224,246,255,1398404325
seawater,189,129,77,255,1398949545
parallel_bars,243,221,109,255,1399429865
microphone,249,245,196,255,1399512755
toothpick,128,142,147,255,1399742097
commercial_kitchen_sink,162,246,222,255,1399980421
cooked__lemon_water,224,198,148,255,1400327931
half_strawberry,80,151,236,255,1400634189
pole,218,151,78,255,1401287155
cooked__diced__meatball,58,255,181,255,1401698715
elliptical_machine,138,223,172,255,1402190444
griddle_pan,205,228,175,255,1402460891
cooked__risotto,127,195,101,255,1402566737
sock,147,184,93,255,1403088101
bunk_bed,233,57,53,255,1404187148
drumstick,210,128,230,255,1404645831
wafer,239,152,193,255,1404863132
paintbrush,248,182,62,255,1405714282
skateboard_wheel_assembly,126,170,167,255,1405863130
sliced_onion,224,76,98,255,1406950057
half_omelet,176,130,105,255,1407860431
lawn,128,216,217,255,1408419061
box_of_flour,88,61,111,255,1409428718
cocoa_powder,61,144,83,255,1409610994
orzo,184,231,76,255,1409966465
toy_car,57,65,176,255,1410132370
cookie_stick,227,237,96,255,1410343300
first_aid_kit,173,158,83,255,1410503210
low_fat_milk,76,250,223,255,1410869756
nitrogen,105,156,98,255,1411297121
bottle_of_soup,111,95,195,255,1411635707
bottle_of_lavender_oil,104,216,170,255,1412807649
pot_plant,118,85,218,255,1413106461
cooked__diced__enchilada,65,176,236,255,1413365819
sliding_door,139,219,178,255,1413975259
cinnamon_sugar,62,236,196,255,1414223062
bleaching_agent,178,154,90,255,1415975729
ash,51,112,130,255,1416798949
crouton,182,65,133,255,1418291758
cooked__soy,61,50,70,255,1418398398
toilet_paper,109,68,88,255,1418732567
dish_rack_cart,68,198,100,255,1418875667
half_swiss_cheese,136,74,154,255,1420282744
sangaree,176,110,137,255,1420405502
rope,209,223,52,255,1421432334
snow,58,72,59,255,1422036480
diced__lamb,174,232,157,255,1425172708
box_of_rum,122,235,134,255,1425755899
pump,87,91,71,255,1426306889
diced__peach,245,222,220,255,1426400609
diced__bay_leaf,218,229,230,255,1426600686
cinnamon_roll,84,98,176,255,1427896148
chorizo,246,193,209,255,1428740126
cooked__diced__bagel,248,110,150,255,1429908414
blueberry_mousse,253,170,53,255,1430225559
half_lamb,134,59,205,255,1430753229
cooked__diced__fillet,133,117,140,255,1431059879
chicken_curry,118,84,243,255,1432919883
diced__rib,88,213,180,255,1434909500
toothbrush,144,183,191,255,1435461345
chaise_longue,201,86,213,255,1438739990
half_shrimp,182,216,210,255,1439797163
half_peppermint,197,110,233,255,1441173632
lily,235,255,125,255,1442580318
cooked__coffee_grounds,175,118,61,255,1442900643
diced__tenderloin,122,51,155,255,1443129859
diced__grouper,227,218,64,255,1443374691
petfood_bag,64,162,117,255,1446727796
dustpan,155,127,111,255,1447157764
diced__bleu,103,77,103,255,1451463119
bag_of_jerky,237,224,192,255,1452662686
tomato_sauce,156,104,139,255,1453084036
frail,191,239,66,255,1453846171
cooked__coriander,112,205,99,255,1454916046
ottoman,85,172,228,255,1455745418
chocolate_sauce,233,138,141,255,1457209561
diced__watermelon,235,119,203,255,1458507181
meat_loaf,213,167,126,255,1458973165
cooked__popcorn,238,91,87,255,1459447185
cloth,231,139,210,255,1459797435
cooked__cocoa_powder,177,112,195,255,1462605103
antifreeze,218,211,113,255,1462607694
cooked__chili_powder,219,198,50,255,1463206730
half_duck,119,233,147,255,1463503194
banana_bread,218,65,97,255,1464912938
carrot,242,97,74,255,1465373921
lemon_juice,184,242,94,255,1465447365
beaker,213,100,247,255,1465831377
cooked__diced__carne_asada,212,227,134,255,1466634325
poppy_seed,247,59,239,255,1467882518
diced__date,197,133,53,255,1468031772
half_hamburger_bun,218,87,63,255,1468805127
makeup_mirror,153,226,91,255,1471179066
cranberry,85,215,102,255,1473138711
guacamole,100,68,201,255,1473217007
cooked__diced__broccoli_rabe,211,248,105,255,1475145185
snack_rack,94,135,71,255,1475831413
cooked__diced__muffin,50,201,93,255,1475919366
ring,210,96,58,255,1476283345
chocolate_cookie_dough,51,219,64,255,1477322887
scraper,167,110,191,255,1478696364
guitar,66,149,129,255,1480651328
carton_of_orange_juice,72,185,88,255,1481870692
steak,52,147,178,255,1482183927
trampoline_top,95,75,190,255,1483193366
diced__pretzel,252,253,249,255,1483297716
bottle_of_chocolate_sauce,240,79,242,255,1483635488
loin,143,176,249,255,1484948920
melted__parmesan,153,142,144,255,1484976580
pack_of_bread,116,203,250,255,1485858073
half_hotdog,171,87,204,255,1486561452
lemon_stain_remover,190,80,189,255,1487883807
wax_paper,195,92,114,255,1488018039
barley,53,137,71,255,1488210236
diced__sourdough,196,159,142,255,1488499838
pomegranate,232,209,134,255,1488751635
broccoli,173,208,117,255,1489005030
fountain,173,165,214,255,1489029782
turkey,234,166,94,255,1490068363
bed,195,192,166,255,1491775347
firewood_chopping_block,246,110,67,255,1493454946
half_sweet_corn,201,101,82,255,1494473783
cooked__diced__rib,79,140,86,255,1495447237
spray_paint_can,164,62,246,255,1495643968
coca_cola,200,55,142,255,1496014279
bottle_of_poppy_seeds,236,50,178,255,1496059366
carpet,78,232,192,255,1496259160
bottle_of_fennel,184,51,252,255,1497021640
marjoram,165,53,69,255,1497230060
half_roll_dough,192,150,68,255,1498173431
paraffin_wax,101,248,219,255,1499032609
bottle_of_ginger_beer,86,189,148,255,1499985033
diced__chard,119,211,242,255,1501174971
goggles,85,174,166,255,1501867119
cooked__chicken_soup,182,188,210,255,1502472842
cooked__almond_oil,74,171,143,255,1502671564
marker,158,63,152,255,1503415650
soda_cup,130,199,152,255,1503670219
cooked__diced__artichoke,236,69,213,255,1505319532
monitor,238,164,191,255,1506308992
spirit_lamp,100,163,137,255,1506581441
bag_of_ice_cream,186,82,57,255,1506666191
cooked__diced__pork,89,251,112,255,1506849868
coffee_bean_jar,208,208,94,255,1508081046
cooked__diced__quail,153,211,189,255,1510513685
rosehip,186,123,163,255,1512236589
coconut_oil_jar,148,229,164,255,1512396701
diced__white_turnip,170,96,236,255,1512408891
gravy,192,71,215,255,1512634338
half_bacon,80,131,178,255,1516076495
diced__biscuit_dough,77,168,70,255,1516645356
cantaloup,140,95,230,255,1516987936
unlabelled,234,176,173,255,1517280287
blackboard_eraser,123,148,145,255,1518105425
diced__cucumber,220,95,134,255,1519524850
batting_gloves,58,198,221,255,1520071135
hotdog,155,83,76,255,1520935241
cooked__diced__banana,69,143,142,255,1521422323
diced__pita,126,253,93,255,1521478343
cooked__diced__tofu,64,203,196,255,1522452297
diced__walnut,115,192,243,255,1523241886
melted__cane_sugar,72,171,68,255,1523932474
box_of_baking_soda,220,224,187,255,1524711884
cooked__diced__butter_cookie,147,192,134,255,1525053309
toaster,60,164,227,255,1526311213
carpet_sweeper,249,135,204,255,1526753583
cooked__diced__sweet_corn,173,208,112,255,1527207117
hoe,81,238,132,255,1528105386
cream_of_tartar_shaker,82,157,62,255,1528291884
cooked__diced__duck,192,153,213,255,1529066798
board_game,212,106,170,255,1530174808
magnesium_sulfate,123,177,182,255,1530896526
wrapped_hamburger,183,115,77,255,1532552347
cooked__marinade,201,135,105,255,1533483912
diced__chicken_breast,102,160,188,255,1533497114
toy_train,220,134,181,255,1536266527
cooked__diced__edible_cookie_dough,124,195,247,255,1536698674
diced__beefsteak_tomato,105,188,78,255,1538437080
mat,93,120,96,255,1538570888
ladder,179,230,199,255,1538591238
bar_soap,232,167,118,255,1538767525
air_freshener_atomizer,89,64,78,255,1547327578
juicer,156,72,166,255,1547889025
almond_oil,197,240,124,255,1549413322
catalog,142,212,123,255,1549576585
clamp,135,209,163,255,1551407817
cooked__diced__tortilla_chip,88,95,181,255,1552427668
liquid_carton,231,127,218,255,1553006487
digital_scale,210,208,114,255,1553516421
granulated_sugar_jar,232,80,125,255,1553960960
diced__avocado,73,179,101,255,1555810049
parmesan,248,220,233,255,1557194823
hydrogen_peroxide_bottle,142,227,116,255,1558195505
half_candied_yam,149,75,69,255,1558947392
box_of_shampoo,50,252,89,255,1560546094
cooked__roux,138,107,248,255,1561546258
casserole,101,200,251,255,1561798289
mattress,217,118,112,255,1561947376
cauliflower,205,133,153,255,1562120243
weight_bar,100,182,71,255,1562627041
half_carrot,138,124,67,255,1563039177
coconut_fruit,60,98,61,255,1565067075
diced__granola_bar,166,100,99,255,1565677837
cream_of_tartar,60,153,156,255,1566534694
half_baguette,171,98,226,255,1567097104
half_hotdog_bun,240,79,69,255,1567617930
bag_of_rubbish,54,224,209,255,1568374437
diced__vanilla,161,121,205,255,1568390514
half_turkey,73,93,238,255,1569185308
hammam_bench,211,235,119,255,1569772755
coconut,82,112,88,255,1570324275
gaming_controller,194,174,237,255,1571202148
clothesline_rope,242,147,80,255,1573069861
canvas,113,208,142,255,1573320028
colored_pencil,125,147,72,255,1573521480
desktop_computer,251,234,221,255,1574229009
soil_bag,159,250,191,255,1574452244
bouillon_cube,63,126,53,255,1574872422
diced__chicken,193,120,175,255,1578960715
ink,54,253,75,255,1579428162
paprika,71,203,255,255,1579727617
board,110,238,205,255,1580164745
cooked__diced__gelatin,159,231,101,255,1581782807
beer,245,125,170,255,1584020705
cactus,234,229,142,255,1584468083
rubbing_alcohol,126,229,178,255,1584790956
melted__grated_cheese,249,70,180,255,1584802857
cooked__cardamom,96,184,102,255,1588811318
crystal,87,204,158,255,1589864392
piano,147,224,199,255,1590671596
hall_tree,248,58,224,255,1591107565
okra,252,114,94,255,1591799886
hamburger,151,188,161,255,1592643663
allspice_shaker,79,108,176,255,1592796368
pack_of_protein_powder,138,175,145,255,1593207553
toilet_paper_dispenser,74,177,122,255,1596412335
round_bottom_flask,52,115,117,255,1598461731
soup_ladle,111,105,220,255,1598850875
bed_screen,140,196,138,255,1600446627
can,196,88,217,255,1600551053
hourglass,99,172,164,255,1600888785
lunch_box,160,159,212,255,1601560757
avocado,95,121,195,255,1602446979
half_plum,196,162,107,255,1602782091
pizza_dough,95,59,245,255,1604143671
cooked__penne,150,164,103,255,1604301492
lacquer,230,241,155,255,1604362878
pottable_beefsteak_tomato,52,63,84,255,1604506915
desk,130,246,208,255,1606931571
bean_curd,113,75,183,255,1606956619
terrarium,81,196,195,255,1607070954
diced__chives,79,102,149,255,1607207573
radio,89,173,123,255,1607509957
grit,107,125,52,255,1607535713
bottle_of_sesame_seeds,211,151,231,255,1608203413
alphabet_abacus,164,79,87,255,1608303482
cooked__jelly,60,131,139,255,1609917994
half_lemon,167,132,251,255,1610395601
half_pineapple,205,51,245,255,1611150087
quail_breast,93,56,191,255,1611807009
silver_coin,196,124,141,255,1611840349
ceremonial_robe,194,206,139,255,1612858645
brown_sugar_sack,217,111,216,255,1614376295
refried_beans,196,190,144,255,1616414211
apple_juice,146,189,205,255,1618192991
light,223,208,238,255,1619401171
coffee_cup,182,102,50,255,1619917828
ironing_board,155,138,107,255,1619976848
hand_dryer,146,241,229,255,1626035063
paper_towel_dispenser,97,135,167,255,1626281647
hinge,92,143,155,255,1627160193
cooked__diced__chocolate_cake,148,237,71,255,1627559111
feta,251,193,50,255,1628765173
soupspoon,146,192,133,255,1629323069
spatula,203,123,166,255,1629493589
pencil,175,108,129,255,1629524922
cooked__diced__date,75,52,237,255,1632592245
grape,230,167,173,255,1633796505
half_garlic_bread,55,111,240,255,1634531981
lip_balm,213,249,161,255,1635189923
stone_wall,247,238,143,255,1636746260
hat,190,164,247,255,1637189413
bottle_of_apple_cider,131,243,212,255,1637306234
cooked__salsa,122,227,157,255,1637388221
cooked__mustard_seed,227,179,75,255,1637478111
half_lettuce,191,250,201,255,1637652347
sugar_cube,184,165,126,255,1638698000
cooked__jimmies,126,227,190,255,1638908140
orange_juice_carton,177,199,165,255,1639854068
cooked__diced__chocolate_cookie_dough,82,190,80,255,1641289016
cooked__diced__grapefruit,201,78,154,255,1641488314
cymbal,75,203,76,255,1642762828
mac_and_cheese,134,189,231,255,1643360309
ground_coffee,159,123,79,255,1643463269
cornbread_batter,110,242,250,255,1643779085
burner,182,90,120,255,1644022274
half_tenderloin,222,106,159,255,1644241888
half_chicken_tender,63,54,110,255,1644981845
hingeless_jar,142,94,151,255,1645402360
shredder,93,190,249,255,1646005647
water_glass,236,223,64,255,1647060040
map,233,62,253,255,1648660654
diced__garlic_bread,138,172,232,255,1648837473
acid,92,212,198,255,1648964337
cornstarch_jar,87,188,172,255,1649092826
diced__broccolini,120,181,236,255,1650208755
cooked__heavy_cream,178,173,76,255,1650383381
hazelnut,61,99,72,255,1650460355
half_chicken_wing,121,212,74,255,1650999451
phonograph_record,76,222,254,255,1651258871
rolling_pin,81,145,229,255,1651962393
waffle_batter,250,124,184,255,1652382442
cooked__diced__gourd,69,175,233,255,1653184602
ginger_shaker,198,143,61,255,1653499080
cooked__diced__huitre,92,190,142,255,1654154176
bottle_of_milk,244,143,101,255,1654607611
bourbon,183,67,152,255,1658857444
bottle_of_mushroom_sauce,148,82,121,255,1660342081
orange_juice,221,110,79,255,1660478391
sap,76,180,143,255,1660725768
bottle_of_paint,215,72,54,255,1661348061
bottle_of_pop,235,54,66,255,1661380361
clipboard,240,179,79,255,1662516581
tag,136,81,246,255,1662521253
pencil_holder,245,91,157,255,1662940987
frosting,54,250,248,255,1665368574
half_ramen,187,244,183,255,1666710310
cooked__diced__quiche,63,67,243,255,1668197301
pebble,194,80,178,255,1668721926
cooked__whipped_cream,163,230,155,255,1670415890
branch,230,120,136,255,1670434831
mirror,80,244,103,255,1670602536
diced__rutabaga,66,223,168,255,1671619785
high_heel,236,254,76,255,1672795519
license_plate,179,55,218,255,1674019705
vodka_bottle,181,100,101,255,1674334466
ravioli,126,254,185,255,1675519877
lamb_stew,121,229,169,255,1677560171
kebab,106,231,193,255,1679442737
spice_cookie_dough,200,134,97,255,1682062175
bottle_of_lacquer,95,114,79,255,1683377769
picture_frame,71,119,228,255,1683959376
bottle_of_peanut_butter,220,68,106,255,1684099023
diced__kiwi,201,170,102,255,1685524928
tote,241,194,176,255,1685928882
cooked__diced__walnut,104,121,67,255,1687659071
soap_dispenser,240,213,118,255,1687821514
melted__feta,238,228,95,255,1688575271
portafilter,97,131,59,255,1688744837
half_tuna,70,182,244,255,1689910266
cane_sugar,235,118,145,255,1689966438
half_parsley,122,120,126,255,1692341480
cedar_chest,163,184,229,255,1696003057
box_of_vegetable_juice,92,143,236,255,1696301056
half_hard_boiled_egg,253,57,108,255,1697119851
magnetic_stirrer,241,248,58,255,1698125104
tank_top,178,220,71,255,1699131427
diced__macaroon,251,212,71,255,1699399316
biscuit_dough,116,128,233,255,1699875433
diced__parsley,190,95,179,255,1700083811
bag_of_oranges,65,70,133,255,1702320360
deep_fryer,231,98,74,255,1704970770
dirt,115,74,109,255,1705266305
cooked__diced__turkey,245,123,138,255,1705357575
cooked__diced__avocado,202,177,185,255,1705885960
herbicide_bottle,179,196,128,255,1706097644
diced__virginia_ham,163,58,151,255,1707119600
cooked__coconut,191,70,83,255,1708316520
cloche,84,157,85,255,1708584227
sugar_coffee_scrub,218,214,61,255,1709995374
treadmill,205,52,228,255,1710269095
herbicide,124,53,68,255,1710511354
half_grapefruit,130,228,223,255,1711182513
recycling_bin,170,167,151,255,1711357893
bottle_of_seasoning,61,72,126,255,1712156241
diced__banana,88,134,99,255,1712407211
puree,166,177,216,255,1712690424
cooked__limeade,97,185,255,255,1712867399
clothesline,240,202,53,255,1714006319
pennant,78,206,195,255,1714420934
icicle_lights,58,79,186,255,1714619330
almond,66,224,219,255,1714661876
oven,77,243,118,255,1715342058
charcoal,116,254,223,255,1715920426
tennis_racket,127,230,190,255,1717260630
half_quail_breast,102,115,151,255,1717375525
bottle_of_lime_juice,62,166,115,255,1718936385
cooked__diced__roll_dough,232,199,61,255,1720426269
nightstand,62,156,123,255,1720850405
desk_top,246,58,117,255,1721593005
coloring,186,101,219,255,1721798984
pruner,93,239,118,255,1722047723
hanging_basket,195,196,194,255,1722403102
metal_bottom_cabinet,121,232,203,255,1722863917
tablespoon,159,144,142,255,1724044667
clam,119,93,245,255,1724331203
beeswax_candle,255,235,78,255,1725213551
facsimile,233,193,204,255,1725622508
decanter,200,145,176,255,1726814187
cooked__cinnamon,151,91,89,255,1727558558
diced__chocolate_cake,139,185,210,255,1728229871
bathtub,86,57,82,255,1729003460
apple,165,197,179,255,1730712959
ice,245,145,101,255,1731001914
half_cauliflower,131,222,238,255,1731201769
maillot,93,65,204,255,1731315205
balloon,69,169,145,255,1731369633
cooked__chicken_broth,141,137,172,255,1732729980
display_case,215,126,71,255,1734130858
half_crawfish,147,86,141,255,1734791673
bookcase_side,219,232,216,255,1736256644
apricot,209,193,141,255,1736437301
ginger_root,229,244,178,255,1739236864
diced__sushi,214,185,217,255,1739837365
bottle_of_essential_oil,67,76,173,255,1739906155
cooked__lemonade,126,200,199,255,1740609975
box_of_chocolates,195,192,166,255,1740635352
cooked__diced__orange,110,171,151,255,1740696187
crib,121,192,149,255,1740725153
bottle_of_rum,177,196,51,255,1741072616
half_ham_hock,168,222,110,255,1741083269
bay_leaf,204,238,122,255,1741179899
half_arepa,88,163,94,255,1742797625
trampoline,170,160,127,255,1743754109
package,127,106,164,255,1744222168
mozzarella,68,233,64,255,1745219304
cooked__onion_powder,81,65,121,255,1745393877
nectar,191,131,166,255,1746576620
cooked__diced__vidalia_onion,97,148,214,255,1750182828
soy_sauce,173,76,67,255,1750195601
cooked__marjoram,124,208,172,255,1750271712
water_dispenser,165,251,59,255,1751265723
cooked__noodle,225,199,119,255,1754337851
bottle_of_orange_juice,127,205,181,255,1756565895
fritter_batter,89,153,124,255,1757326720
wine_fridge,236,233,243,255,1757352692
cooked__frosting,163,174,69,255,1758656222
router,99,50,176,255,1761561006
diced__pizza_dough,222,118,105,255,1761831657
snapper,218,167,194,255,1762035065
chandelier,148,77,88,255,1762565745
paper_sheet,76,129,68,255,1765786086
sponge,81,254,74,255,1766150080
plywood,175,156,138,255,1767201231
gazpacho,138,118,74,255,1769799216
diced__beet,224,71,154,255,1770596182
diced__hamburger_bun,221,151,63,255,1772052222
cash_register,187,151,134,255,1772737008
bottle_of_pesto,182,169,152,255,1773784870
yoga_mat,156,235,178,255,1774832151
cold_cuts,100,73,134,255,1774915587
cooked__diced__lobster,104,188,146,255,1775142143
statue,197,100,176,255,1777676191
dress,121,50,90,255,1778796336
roasting_pan,121,148,240,255,1779231693
whipped_cream_atomizer,92,163,186,255,1780439368
cake_stand,58,251,114,255,1781140346
taboret,203,130,148,255,1781334591
half_rhubarb,202,136,52,255,1782124856
watermelon,166,168,181,255,1782923883
fecal_matter,203,115,240,255,1783321906
cat_food,182,192,152,255,1783654845
tofu,237,70,189,255,1784052002
tinsel,92,122,85,255,1784773462
box_of_beer,186,160,219,255,1785162627
diced__edible_cookie_dough,192,102,216,255,1786090723
vine,181,62,252,255,1787365291
trout,146,119,126,255,1787435986
sliced_mushroom,216,182,177,255,1787595461
stockpot,149,189,247,255,1787848973
bottle_of_alfredo_sauce,102,209,127,255,1788234603
cooking_oil,91,189,110,255,1788385198
zucchini,212,252,141,255,1790065305
wine_sauce_bottle,200,178,204,255,1790495426
hanging,171,107,168,255,1791773031
half_blackberry,154,228,193,255,1791945476
corn_syrup,207,110,69,255,1792021563
can_of_baking_mix,151,108,254,255,1792437486
saucepan,124,54,117,255,1793208181
chocolate_sauce_bottle,146,186,159,255,1793334106
shelf,252,134,212,255,1793391334
diced__waffle,234,197,169,255,1793586261
diced__arugula,192,71,64,255,1794396598
lily_pad,169,100,237,255,1796202630
cooked__diced__hotdog,242,120,61,255,1796650756
moss,218,189,152,255,1796820846
cider,184,95,109,255,1797833492
half_date,122,142,117,255,1798737444
bottle_of_ground_cloves,194,224,72,255,1798773470
can_of_corn,145,157,247,255,1798989828
hardback,146,234,210,255,1799516273
furniture_sink,139,126,127,255,1800973584
cooked__muffin_batter,149,71,231,255,1802932040
cooked__diced__lime,149,87,53,255,1803081727
nectarine,196,178,55,255,1804309449
rocking_chair,180,188,161,255,1804782789
bottle_of_coffee,152,66,187,255,1804923908
tray,135,177,102,255,1812417957
gooseneck_microphone,117,184,87,255,1814839419
bikini,232,210,182,255,1814909191
caliper,168,136,132,255,1816667879
liquid_soap,80,131,148,255,1817236551
teacup,100,92,134,255,1819677004
box_of_crackers,156,243,99,255,1820357631
cupcake,104,78,143,255,1821206631
dog_food,176,209,181,255,1821807577
half_granola_bar,156,91,50,255,1821838226
half_bell_pepper,149,100,86,255,1825595751
bow,232,173,52,255,1825968472
bird_feed,204,156,132,255,1826141563
shears,53,74,93,255,1826604510
shampoo_dispenser,93,198,147,255,1827434601
music_stool,246,236,227,255,1828930130
cat_food_tin,174,145,67,255,1829270198
cooked__pumpkin_seed,107,80,124,255,1832231130
work_helmet,124,238,162,255,1832735824
half_hazelnut,60,98,244,255,1833848974
diced__head_cabbage,164,135,153,255,1835202548
cooked__diced__cheese_tart,231,180,217,255,1835393477
cooked__diced__chanterelle,185,88,103,255,1835664719
jar_of_sugar,69,230,253,255,1837833603
limeade,201,123,112,255,1837948096
cheddar,235,133,137,255,1839162059
cafe_au_lait,66,70,176,255,1839516753
cooked__curry_powder,62,240,102,255,1843354271
cooked__wine_sauce,223,68,120,255,1844314020
cooked__ground_beef,71,231,177,255,1844773206
bouillon,160,216,242,255,1845170691
baseball_bat,112,173,164,255,1845467075
vacuum,157,194,133,255,1845805756
pajamas,147,154,120,255,1846133820
perfume,149,50,133,255,1846172117
cooked__spaghetti,153,221,127,255,1847195703
jar_of_clove,75,225,188,255,1847430350
rust,77,181,108,255,1848042667
diced__sunflower,137,170,54,255,1848353572
plant_stem,160,211,213,255,1849973926
countertop,91,187,176,255,1850477648
test_tube_rack,186,108,106,255,1850505921
garlic_clove,211,131,169,255,1850874333
half_bagel_dough,178,56,124,255,1850912788
storage_box,253,204,206,255,1851580853
oat,61,97,218,255,1852282893
soy,134,225,189,255,1852373915
box_of_fruit,55,75,89,255,1853201604
cooked__olive_oil,176,189,55,255,1855577551
room_divider,237,106,65,255,1856743573
noodle_jar,125,178,50,255,1856816397
gym_shoe,121,245,129,255,1857418903
ground_beef_package,187,220,177,255,1857469107
half_oyster,221,224,203,255,1857993846
mouse,130,247,213,255,1858400580
inhaler,140,247,69,255,1859051739
geode,78,226,84,255,1861274381
cooked__diced__shiitake,147,134,202,255,1861675960
champagne,216,137,196,255,1862884131
log,223,129,157,255,1863369119
showerhead,149,170,243,255,1863808538
chopping_block,221,112,221,255,1864149160
dice,251,67,156,255,1864561371
half_rutabaga,179,225,248,255,1865580132
half_pepperoni,169,105,107,255,1865710951
walls,56,223,220,255,1866099033
stand,174,247,201,255,1866785642
scarf,146,117,242,255,1866955552
lasagna,137,247,78,255,1867181139
apron,160,253,184,255,1867302404
bottle_of_ground_mace,166,227,190,255,1867607033
pumpkin_seed_bag,166,191,213,255,1869204241
cooked__canola_oil,144,228,114,255,1869416479
diced__mango,234,219,160,255,1869597963
cooked__beer,170,95,61,255,1871815316
half_cold_cuts,71,137,233,255,1871817229
blouse,174,221,187,255,1872591790
diced__cold_cuts,112,211,249,255,1874956077
flat_bench,99,59,225,255,1875617259
cellulose_tape,172,193,90,255,1876323051
half_rosehip,105,113,208,255,1876429317
cotton_ball,172,87,207,255,1877637488
banana,197,62,140,255,1877965889
half_broccoli_rabe,61,64,226,255,1878522185
half_brownie,213,96,193,255,1879555628
diced__dumpling,138,96,216,255,1880053258
bra,69,153,97,255,1880406429
half_sourdough,61,130,227,255,1881560564
bottle_of_strawberry_juice,83,65,125,255,1882792237
cooked__guacamole,79,131,109,255,1882834937
cooked__diced__green_bean,194,177,228,255,1882940812
pill,182,168,76,255,1882956904
diced__pomegranate,137,141,135,255,1883652509
baseball_cap,98,71,56,255,1884062953
diced__entire_leaf,121,252,171,255,1884190197
wall_mounted_soap_dispenser,115,113,69,255,1885568679
bottle_of_soy_sauce,116,97,207,255,1886701219
packing_box,154,232,83,255,1887274258
detergent_atomizer,151,215,229,255,1889932805
cooked__diced__head_cabbage,142,106,125,255,1890312434
molasses,160,243,243,255,1892382273
whole_fennel,59,105,126,255,1892753005
ping_pong_ball,251,99,108,255,1893172492
sodium_carbonate_jar,108,161,149,255,1893375542
trombone,230,98,233,255,1894028805
half_orange,152,113,83,255,1894236933
half_celery,213,71,65,255,1894452483
cooked__diced__mustard,78,205,239,255,1895000978
cooked__granulated_salt,100,169,194,255,1896932845
quilt,187,88,179,255,1897088659
heap_of_raisins,210,112,124,255,1897701161
garden_light,50,218,246,255,1898188415
bell,195,178,96,255,1898379768
mustard_bottle,237,246,116,255,1898837998
diced__cheddar,139,106,145,255,1899992292
pear,91,214,236,255,1900389051
incision,124,254,180,255,1900452747
half_dried_apricot,218,94,210,255,1900613411
bag_of_breadcrumbs,163,80,202,255,1901301199
catsup_bottle,93,205,66,255,1901401927
hotdog_bun,229,96,98,255,1902249599
half_bleu,73,207,218,255,1902578762
crayon,74,138,119,255,1903656250
half_olive,165,82,140,255,1904957820
bottle_of_conditioner,97,239,81,255,1905184030
diced__bell_pepper,242,215,247,255,1905986168
cooked__cornstarch,53,110,252,255,1906863995
stroller,95,130,80,255,1908325499
club_sandwich,86,223,209,255,1909107344
diced__branch,130,182,150,255,1911234426
tequila,81,77,247,255,1914273999
quinoa,127,174,252,255,1914478756
wardrobe,245,163,139,255,1914724301
rail_fence,197,79,153,255,1915801117
diced__chicken_tender,87,51,86,255,1916766182
cooked__diced__hazelnut,176,53,71,255,1916788389
cooked__diced__beefsteak_tomato,178,128,185,255,1916805784
shutter,233,152,197,255,1917286751
melted__bleu,234,240,80,255,1917712755
conch,145,111,150,255,1918113572
cooked__stuffing,74,249,188,255,1919712514
onesie,200,198,105,255,1919848956
freezer,133,121,206,255,1920175925
farm_stand,103,125,175,255,1921560375
sweet_corn,156,57,157,255,1921963643
dutch_oven,55,160,246,255,1922472990
set_triangle,188,235,161,255,1922728422
stadium_stand,114,112,227,255,1922770907
calcium_carbonate,136,57,154,255,1922787582
salad,76,122,249,255,1923563830
plastic_bag,210,234,68,255,1924477723
cooked__sunflower_seed,125,90,235,255,1924622405
sugar_cookie_dough,107,153,174,255,1924720121
bottle_of_coke,210,215,84,255,1925537860
wall_mounted_tv,120,132,97,255,1927099876
parmesan_shaker,118,94,204,255,1927357920
diced__brownie,179,91,254,255,1927822376
cinnamon,235,164,53,255,1928442311
bottle_of_apple_juice,111,162,55,255,1928748095
cooked__diced__kielbasa,225,65,234,255,1929110084
half_avocado,186,124,244,255,1929704152
hot_tub,223,60,92,255,1931475968
barbecue_sauce,157,166,152,255,1931545809
half_head_cabbage,61,198,83,255,1932081298
pesticide,209,173,123,255,1932865475
half_auricularia,251,157,205,255,1933603964
miso,60,147,92,255,1933623340
bottle_of_vinegar,187,192,175,255,1934198160
daffodil_bulb,66,67,211,255,1934336106
half_bagel,52,71,122,255,1934850908
sourdough,190,226,153,255,1934928431
diced__mozzarella,169,175,180,255,1935143362
diced__huitre,135,60,149,255,1935919875
half_burrito,132,137,251,255,1936859988
pellet_food_bag,247,254,119,255,1936868353
half_gelatin,203,247,94,255,1937139419
half_sushi,97,186,209,255,1937588978
fire_alarm,198,206,91,255,1938806304
fertilizer_atomizer,63,142,205,255,1939812175
mop,234,85,109,255,1941303841
jar_of_cumin,132,91,213,255,1942877049
bookcase_shelf,129,60,167,255,1943528400
skiff,77,122,50,255,1943893106
driveway,50,122,204,255,1944918793
bottle_of_alcohol,179,135,57,255,1945062982
gourd,238,129,146,255,1946162283
burrito,164,116,229,255,1946735216
penne,86,101,176,255,1946762723
coffee_grounds,129,227,162,255,1947261759
cooked__ground_coffee,191,241,197,255,1948158648
breakfast_table,254,74,102,255,1949122937
bench,76,132,173,255,1949757340
stuffing,77,171,105,255,1951600176
melted__mozzarella,251,141,130,255,1952261634
modem,197,175,202,255,1954056200
white_rice_sack,179,142,228,255,1954272079
popcorn,216,55,224,255,1955746196
bag_of_tea,89,140,71,255,1956657229
cooked__drip_coffee,62,154,187,255,1957318008
skyrocket,78,89,176,255,1958872302
half_tiramisu,59,102,56,255,1959120332
blueberry,128,70,92,255,1959729316
coriander_shaker,229,235,148,255,1960809252
cooked__cinnamon_sugar,207,142,167,255,1962091919
baby_bottle,163,96,243,255,1962997238
standing_tv,228,220,142,255,1964308207
chopping_board,75,99,142,255,1966256030
bottle_of_barbecue_sauce,85,141,112,255,1968299933
gift_box,236,85,154,255,1968863207
fridge,134,162,143,255,1969282255
vitamin_pill,126,161,233,255,1969674603
cooked__granola,77,74,95,255,1969713027
tube_of_lotion,125,174,94,255,1970232785
carrot_juice,114,156,92,255,1970498300
washer,194,255,82,255,1971222032
cookie_cutter,76,200,214,255,1971900605
cooked__diced__cheesecake,232,79,233,255,1972005220
cooked__diced__lemon_peel,139,145,126,255,1972380251
half_fennel,190,137,108,255,1972416075
flashlight,167,64,172,255,1972978357
toolbox,132,191,164,255,1973496317
cooked__hummus,226,113,218,255,1974884271
bottle_of_solvent,87,144,63,255,1975012787
half_butternut_squash,187,64,177,255,1975512083
butter_cookie,236,226,218,255,1976175916
pesto,179,69,135,255,1978702522
cooked__diced__parsley,179,176,72,255,1979557236
gooseberry,227,50,241,255,1980060133
bottle_of_baby_oil,72,239,126,255,1980174221
diced__sirloin,126,249,120,255,1980371575
grapefruit,51,115,69,255,1980465454
cast,184,51,140,255,1982186596
match,157,214,57,255,1983174652
pillar_candle,100,220,207,255,1983625982
tomato_paste,235,115,98,255,1984835735
date,61,171,187,255,1985027967
cooked__diced__bacon,176,146,79,255,1986822037
duct_tape,156,122,212,255,1988220168
twine,94,224,159,255,1988860318
cooked__lemon_pepper_seasoning,120,149,110,255,1989271141
bottle_of_tomato_paste,85,163,109,255,1989782365
bucket,193,128,152,255,1989886520
soil,169,217,252,255,1991123660
eggnog,69,99,87,255,1991243442
candle_holder,238,170,213,255,1991577030
peanut_oil,191,173,160,255,1991990435
bacon,228,234,174,255,1992140335
cooked__diced__watermelon,152,130,111,255,1992324318
tea,115,144,78,255,1992427892
cooked__diced__sushi,56,112,169,255,1992569986
white_turnip,243,80,69,255,1993269740
rosemary_shaker,71,111,72,255,1993790147
reed_diffuser,213,125,134,255,1996878283
sliced_cucumber,214,168,108,255,1997439152
cooked__orange_zest,125,220,76,255,1998705391
cooked__diced__danish,148,180,195,255,1999037551
outline_tray,244,107,161,255,2000782261
lemon,213,114,162,255,2001248724
cooked__diced__virginia_ham,112,247,212,255,2002625739
radiator,180,127,191,255,2004250325
diced__chicken_leg,255,209,153,255,2006165134
blanket,230,105,156,255,2007007129
diced__hotdog,205,159,97,255,2008796385
umbrella,115,255,205,255,2009137147
tomato_juice,180,225,179,255,2009238056
drink_dispenser,193,121,116,255,2009357481
toy_dice,164,54,146,255,2009599004
frosting_jar,244,105,194,255,2010321670
box_of_oatmeal,196,208,94,255,2011626873
ceiling_rack,101,75,144,255,2012046972
trowel,252,238,254,255,2012461658
half_biscuit_dough,193,98,128,255,2012880595
bottle_of_carrot_juice,54,184,79,255,2014385958
kitchen_analog_scale,140,228,102,255,2014503541
volleyball,145,167,240,255,2015147727
cotton_thread,83,124,117,255,2015601529
steel_wool,226,115,101,255,2015675162
jar_of_orange_sauce,201,173,82,255,2015679782
bicycle_chain,66,167,159,255,2015719712
cooked__lemon_juice,213,54,158,255,2016038177
cooked__cumin,160,78,191,255,2016221612
cooked__diced__crab,82,243,125,255,2016691918
plant_pot_stand,82,136,95,255,2017794270
cooked__diced__sugar_cookie,63,132,133,255,2018172261
broccoli_rabe,61,175,179,255,2018441831
steamer_basket,179,66,72,255,2018794601
half_scone,76,77,168,255,2019114076
saffron_shaker,137,242,104,255,2021383564
onion_ring_batter,223,80,76,255,2021572412
leaf,201,135,85,255,2022232038
diced__pineapple,206,149,152,255,2022534553
diced__orange,225,217,157,255,2026722845
macaron,122,190,209,255,2027509562
pepper_grinder,79,56,64,255,2028440389
disinfectant_bottle,127,84,200,255,2028890064
red_meat_sauce,121,142,159,255,2029596935
half_mozzarella,204,208,136,255,2030136338
ember,78,148,114,255,2031253186
diced__celery,141,155,107,255,2031698421
webcam,104,209,194,255,2032313287
specimen_bottle,245,58,215,255,2032388563
masking_tape,199,56,177,255,2033150049
cabinet_base,114,171,176,255,2033637879
pizza_box,113,224,106,255,2035719110
lettuce,80,190,107,255,2036770040
grocery_sign,192,197,143,255,2037461094
cooked__diced__spinach,183,162,144,255,2038010890
allspice,65,69,222,255,2038301538
cooked__ginger,63,144,175,255,2038936957
diced__chicken_wing,240,241,195,255,2039758569
half_agave,133,179,208,255,2040228596
mildew,108,166,111,255,2040807565
heap_of_granola,107,248,182,255,2041011806
axe,167,144,140,255,2041204453
emery_paper,210,83,110,255,2041792829
hammer,59,78,77,255,2041839112
black_pepper,136,217,68,255,2042674517
diced__lemon_peel,140,87,239,255,2043228125
box_of_corn_flakes,115,148,177,255,2045428889
vinegar_cleaning_solution,233,98,145,255,2046016713
match_box,127,192,115,255,2046232007
instant_pot,225,205,147,255,2046617472
diced__sour_bread,209,239,173,255,2047693412
diced__radish,240,221,135,255,2047794747
ping_pong_paddle,106,203,196,255,2048803847
dried_cranberry,184,155,112,255,2048885112
diced__pastry,111,225,163,255,2049883938
buret_clamp,174,215,105,255,2049928170
softball,93,157,166,255,2050840903
dish_rack,155,149,165,255,2052104341
cooked__diced__sugar_cookie_dough,199,192,81,255,2052951411
pollen,94,166,113,255,2056605301
track_light,215,236,108,255,2058686362
cooked__blueberry_mousse,140,105,110,255,2059452929
letter,237,99,50,255,2059820056
dishtowel,215,94,207,255,2060355729
cocktail_glass,179,110,188,255,2060382087
conditioner,116,133,114,255,2060469645
varnish,121,118,125,255,2061222384
plant_pot,172,104,209,255,2061545885
jam_dispenser,163,214,220,255,2061756385
plug,228,156,100,255,2062073791
dishwasher,51,174,72,255,2062255687
crab,209,113,83,255,2062336779
chopstick,105,53,130,255,2062623332
diced__pizza,254,214,190,255,2062778594
diced__onion,100,90,182,255,2063345097
diced__auricularia,188,170,197,255,2063770981
range_hood,126,136,221,255,2065790285
melted__white_chocolate,222,78,114,255,2066547969
jar_of_puree,224,251,217,255,2068139159
cooked__turmeric,168,150,213,255,2068306137
jar_of_vegetable,93,54,140,255,2071729273
pastry,122,165,164,255,2071979338
mustard_seed_shaker,60,183,130,255,2073001172
chalk,85,92,55,255,2077414705
half_pita,54,154,102,255,2078133311
lint_roller,218,247,192,255,2078184366
mud,234,209,137,255,2078412909
cooked__blueberry_compote,234,72,138,255,2078598706
breadcrumb,50,97,166,255,2080942107
cooked__diced__durian,117,64,82,255,2081209539
chocolate_chip_cookie,65,158,241,255,2081660020
free_weight,138,197,205,255,2081723844
bottle_of_molasses,151,159,146,255,2084321954
bag_of_starch,151,161,131,255,2084549514
auricularia,213,196,168,255,2084820923
box_of_milk,164,71,212,255,2085007075
diced__hard_boiled_egg,146,206,82,255,2085676259
eames_chair,100,116,64,255,2086937710
cooked__iced_cappuccino,135,204,178,255,2087176269
sake,172,131,96,255,2089237946
squid,83,128,172,255,2091901677
dinner_napkin,111,96,125,255,2092123125
bracelet,221,125,232,255,2094940328
box_of_brown_sugar,82,255,161,255,2095721009
diced__roll_dough,86,220,184,255,2096621634
maple_syrup_jar,254,220,81,255,2096857251
bok_choy,205,190,76,255,2097034014
dumpling,104,135,223,255,2097112220
pencil_case,199,135,234,255,2097724189
water_cooler,235,168,183,255,2098259053
sliced_tomato,175,65,179,255,2098520899
cup_holder,140,143,132,255,2099182035
gravy_boat,126,218,167,255,2099969367
cooked__diced__meat_loaf,101,109,129,255,2099996614
vidalia_onion,216,108,238,255,2100107315
comb,92,142,115,255,2100612800
worcester_sauce,91,172,196,255,2101174369
chisel,141,128,144,255,2101430751
filling,173,119,254,255,2101655504
sand,67,193,96,255,2101678704
walnut_meat,174,63,160,255,2102065587
battery,174,115,83,255,2102291445
pallet,244,56,253,255,2103039703
celery,93,71,73,255,2103110101
half_bratwurst,78,167,79,255,2104044653
mail,103,109,197,255,2104432520
fabric_softener_bottle,163,132,141,255,2104610207
aluminum_foil,97,195,247,255,2105095310
bottle_of_ginger,199,241,171,255,2105132229
cream_pitcher,217,165,211,255,2105558873
potato,140,102,226,255,2106016534
half_chocolate_cookie_dough,201,129,190,255,2106739797
vending_machine,129,112,156,255,2107730197
cooked__cornmeal,230,241,104,255,2108755338
desk_bracket,197,228,128,255,2109026372
saddle_soap_bottle,121,224,125,255,2111267896
cooked__barbecue_sauce,136,195,67,255,2111460624
diced__pickle,209,138,190,255,2113182128
bed_sheet,79,62,54,255,2113418577
half_arugula,135,139,210,255,2114046715
box_of_cane_sugar,161,161,114,255,2114218510
bag_of_cookies,226,122,186,255,2114461931
box_of_ice_cream,145,110,221,255,2115401767
jigsaw_puzzle_piece,247,67,93,255,2116983829
cutting_board,69,251,54,255,2117051731
dog_collar,231,204,222,255,2117778908
maple_syrup,82,121,172,255,2118313930
electric_cauldron,65,200,57,255,2118609956
sliced_eggplant,60,198,82,255,2120409801
cooked__thyme,220,147,230,255,2120896901
half_feta,112,194,84,255,2121469003
cooked__diced__mushroom,206,236,189,255,2121759200
cooked__sour_cream,232,101,188,255,2121981646
clout_nail,252,227,99,255,2122491659
jade,228,187,254,255,2122851090
fabric_softener,169,58,141,255,2124130912
cooked__diced__lettuce,132,125,210,255,2125280400
mango,237,126,69,255,2125669208
sod,125,82,53,255,2126692922
dye,85,143,165,255,2126713958
chicken_tender,204,217,61,255,2126927306
cooked__cooking_oil,191,57,228,255,2127566599
half_rope,89,50,71,255,2128126901
t_shirt,220,223,234,255,2128268471
key_chain,148,89,52,255,2128461105
teddy_bear,54,145,107,255,2129022937
mustard_leaf,214,79,230,255,2130279093
tongs,196,203,69,255,2130935183
can_of_beans,192,162,194,255,2132017335
mojito,251,241,150,255,2135204977
chocolate_bar,165,104,135,255,2135829870
lobster,181,145,232,255,2136426702
pea_pod,68,80,225,255,2137232840
chocolate_milk,112,117,130,255,2137594774
box_of_almond_milk,203,93,157,255,2137666394
legal_document,155,83,174,255,2139637860
pesticide_atomizer,150,180,185,255,2139699841
cooked__cranberry_juice,122,187,71,255,2140819177
saucepot,99,205,165,255,2142051718
comic_book,96,86,145,255,2145601717
bottle_of_glue,97,233,174,255,2146488814
trash_can,78,214,147,255,2146784320
half_gingerbread,159,171,50,255,2147095112
waffle_maker,115,66,54,255,2147452789
